Forma conservativa generica (legge di conservazione)	\( \dfrac{\partial U}{\partial t} + \dfrac{\partial F(U)}{\partial x} = 0 \)	FORMULE bilancio
Sistema di Eulero 1D (forma divergente/conservativa)	\( \dfrac{\partial U}{\partial t} + \dfrac{\partial F}{\partial x} = 0,\quad U=\begin{pmatrix}\rho\\ \rho u\\ \rho E\end{pmatrix},\ F=\begin{pmatrix}\rho u\\ \rho u^2+p\\ (\rho E+p)u\end{pmatrix} \)	FORMULE bilancio
Sistema di Eulero 1D (forma quasi-lineare)	\( \dfrac{\partial U}{\partial t} + A(U)\dfrac{\partial U}{\partial x} = 0,\quad A(U)=\dfrac{\partial F}{\partial U} \)	FORMULE bilancio
Advezione lineare (scalare lineare)	\( \dfrac{\partial u}{\partial t} + a\,\dfrac{\partial u}{\partial x} = 0 \iff \dfrac{\partial u}{\partial t} + \dfrac{\partial (a\,u)}{\partial x} = 0,\quad u(x,t)=u_0(x-at) \)	FORMULE bilancio
Equazione di Burgers (scalare non lineare)	\( \dfrac{\partial u}{\partial t} + u\,\dfrac{\partial u}{\partial x} = 0 \iff \dfrac{\partial u}{\partial t} + \dfrac{\partial}{\partial x}\!\Big(\dfrac{u^2}{2}\Big)=0 \)	FORMULE bilancio
PDE quasi-lineare del 2 ordine e classificazione (discriminante)	\[ A\,u_{xx} + B\,u_{xy} + C\,u_{yy} + \dots = 0 \;\longrightarrow\; \Delta = B^2 - 4AC \]	FORMULE bilancio
Classificazione tramite il discriminante	\( \Delta<0\ \Rightarrow\ \text{ellittica (subsonico)};\quad \Delta=0\ \Rightarrow\ \text{parabolica};\quad \Delta>0\ \Rightarrow\ \text{iperbolica (supersonico)} \)	FORMULE bilancio
Equazione del potenziale linearizzato	\( (1-M^2)\,\phi_{xx} + \phi_{yy} = 0,\quad \Delta=-4(1-M^2) \)	FORMULE bilancio
Autovalori della Jacobiana di Eulero 1D	\( A = L\,\Lambda\,L^{-1},\qquad \lambda = \{\,u,\ u+c,\ u-c\,\},\quad c=\sqrt{\gamma R T} \)	FORMULE bilancio
Velocita d'onda (caratteristica) per legge scalare	\( u_t + f(u)_x = 0 \;\Rightarrow\; \dfrac{dx}{dt}=f'(u),\qquad f=a\,u\Rightarrow f'=a,\ \ f=\tfrac{u^2}{2}\Rightarrow f'=u \)	FORMULE bilancio
Numero di Mach	\( M = \dfrac{u}{c},\quad M<1\ \text{subsonico},\ M>1\ \text{supersonico} \)	FORMULE bilancio
Rankine-Hugoniot (condizione di salto)	\( s\,[\![U]\!] = [\![F]\!] \iff s = \dfrac{[\![F]\!]}{[\![U]\!]} = \dfrac{F_R-F_L}{U_R-U_L} \)	FORMULE caratteristiche
Rankine-Hugoniot per Burgers	\( s = \dfrac{[\![f]\!]}{[\![u]\!]} = \dfrac{u_R^2/2 - u_L^2/2}{u_R-u_L} = \dfrac{u_L+u_R}{2} \)	FORMULE caratteristiche
Invarianti di Riemann (Eulero 1D, gas politropico)	\( J^{\pm} = u \pm \dfrac{2c}{\gamma-1}\ \ \text{costante lungo}\ \ \dfrac{dx}{dt}=u\pm c \)	FORMULE caratteristiche
Numero di Knudsen	\( Kn = \dfrac{\lambda}{L} \)	FORMULE flussi_rarefatti
Numero di Knudsen (definizione locale, coi gradienti)	\( Kn = \dfrac{\lambda}{Q/|\nabla Q|}, \qquad Q=T \Rightarrow L \sim \dfrac{T}{|\nabla T|} \)	FORMULE flussi_rarefatti
Libero cammino medio	\( \lambda = \dfrac{1}{\sqrt{2}\,n\,\sigma} \)	FORMULE flussi_rarefatti
Soglie dei regimi (Knudsen)	\( Kn < 10^{-2}\ \text{(continuo)}, \quad 10^{-2} < Kn < 1\ \text{(transizione)}, \quad Kn > 1\ \text{(molecolare libero)} \)	FORMULE flussi_rarefatti
Velocita media molecolare e tempo tra collisioni	\( \tau_c = \dfrac{\lambda}{\bar c} \)	FORMULE flussi_rarefatti
Frequenza di collisione	\( \nu_{coll} \propto n\,\sigma\,\bar c \)	FORMULE flussi_rarefatti
VHS: sezione d'urto (dipendenza dalla velocita relativa)	\( \sigma \propto g^{-2\nu} \)	FORMULE flussi_rarefatti
VHS: viscosita come diffusivita di quantita di moto	\( \mu \propto \rho\,\bar c\,\lambda \propto \dfrac{\sqrt{m k T}}{\sigma} \)	FORMULE flussi_rarefatti
VHS: scaling della viscosita con la temperatura	\( \mu \propto T^{\omega}, \qquad \text{HS}: \omega=\tfrac12;\quad \text{VHS (aria)}: \omega\approx 0.74 \)	FORMULE flussi_rarefatti
DSMC: free flight (moto disaccoppiato)	\( x^{n+1} = x^{n} + v^{n}\,\Delta t \)	FORMULE flussi_rarefatti
DSMC: vincolo di cella	\( \Delta x \le \lambda \)	FORMULE flussi_rarefatti
DSMC: vincolo di passo temporale	\( \Delta t \le \tau_c = \dfrac{\lambda}{\bar c} \)	FORMULE flussi_rarefatti
DSMC: vincolo tipo CFL	\( \Delta t \le \dfrac{\Delta x}{|v_{max}|} \)	FORMULE flussi_rarefatti
DSMC: numero di particelle per cella	\( N \approx 10\text{–}50 \ \text{particelle/cella} \)	FORMULE flussi_rarefatti
DSMC: peso numerico F_num (densita di cella)	\( \rho \propto \dfrac{F_{num}\,N_{cella}}{V} \qquad (F_{num}=\text{molecole reali per particella numerica}) \)	FORMULE flussi_rarefatti
DSMC: velocita macroscopica di cella	\( \bar u_{macro} = \dfrac{1}{N}\sum_p \bar v_p \)	FORMULE flussi_rarefatti
DSMC: temperatura di cella (varianza delle velocita)	\( T \propto \dfrac{1}{N}\sum_p \lvert \bar v_p - \bar u_{macro}\rvert^2 \)	FORMULE flussi_rarefatti
Angolo limite di espansione (Prandtl-Meyer)	\( \nu_{max}\approx 130^\circ \quad (M\to\infty,\ \gamma=1.4) \)	FORMULE flussi_rarefatti
Bilancio ai volumi finiti (volume fisso)	\( V\,\frac{\partial U_j}{\partial t} = -\int_S \vec F\cdot\vec n\,dS \)	FORMULE meshing
Valor medio di cella	\( U_j = \frac{1}{V}\int_V u\,dV \)	FORMULE meshing
Forma ALE del trasporto (mesh mobile)	\[ \frac{d}{dt}\int_{V(t)} u\,dV + \int_{S(t)} \vec F(u)\cdot\vec n\,dS = 0 \]	FORMULE meshing
Velocita relativa fluido-griglia (ALE)	\( \vec v_{rel} = \vec v - \vec v_g \)	FORMULE meshing
Flusso convettivo ALE	\( \int_{S(t)} u\,(\vec v - \vec v_g)\cdot\vec n\,dS \)	FORMULE meshing
Limiti dell'ALE (Euleriano / Lagrangiano)	\( \vec v_g = 0 \Rightarrow \text{Euleriano}, \qquad \vec v_g = \vec v \Rightarrow \text{Lagrangiano} \)	FORMULE meshing
Mapping algebrico (coordinate computazionali)	\( \eta = \frac{x - x_1}{x_2 - x_1}, \qquad \xi = \frac{y - y_1}{y_2 - y_1} \quad (\in[0,1]) \)	FORMULE meshing
Aspect Ratio	\( \text{AR} = \frac{\text{lato maggiore}}{\text{lato minore}} \quad (\approx 1 \text{ ideale}) \)	FORMULE meshing
Skewness	\( \text{Skewness} = \sum \text{angoli interni} - \sum \text{angoli forma regolare} \quad (\approx 0 \text{ ideale}) \)	FORMULE meshing
Orthogonality	\( \text{Orthogonality} = 1 - (\text{scarto normale faccia vs allineamento centri}) \quad (\approx 1 \text{ ideale}) \)	FORMULE meshing
Jacobiano (volume negativo / overlap)	\( \det(J) \le 0 \Rightarrow \text{volume negativo (overlap)}; \quad \det(J) > 0 \text{ richiesto} \)	FORMULE meshing
Schema upwind (advezione, a>0)	\( u_i^{n+1} = u_i^n - \frac{a\,\Delta t}{\Delta x}\left(u_i^n - u_{i-1}^n\right), \qquad a>0 \)	FORMULE metodi_numerici
Schema upwind (advezione, a<0)	\( u_i^{n+1} = u_i^n - \frac{a\,\Delta t}{\Delta x}\left(u_{i+1}^n - u_i^n\right), \qquad a<0 \)	FORMULE metodi_numerici
Schema centrato in spazio (advezione)	\( u_i^{n+1} = u_i^n - \frac{a\,\Delta t}{2\,\Delta x}\left(u_{i+1}^n - u_{i-1}^n\right) \)	FORMULE metodi_numerici
Laplaciano centrato (Poisson/diffusione)	\( \frac{u_{i-1} - 2u_i + u_{i+1}}{\Delta x^2} = f_i \)	FORMULE metodi_numerici
Differenza centrata seconda (stencil 1,-2,1)	\( \left.\frac{\partial^2 u}{\partial x^2}\right|_i \approx \frac{u_{i-1} - 2u_i + u_{i+1}}{\Delta x^2} + O(\Delta x^2) \)	FORMULE metodi_numerici
Numero di Courant (CFL)	\( \nu = \frac{a\,\Delta t}{\Delta x} \)	FORMULE metodi_numerici
Condizione CFL (advezione esplicita)	\( \mathrm{CFL} = \frac{|a|\,\Delta t}{\Delta x} \le 1 \)	FORMULE metodi_numerici
Equazione modificata dell'upwind	\( u_t + a\,u_x = \frac{a\,\Delta x}{2}\left(1 - \nu\right) u_{xx} + O(\Delta x^2), \qquad \nu = \frac{a\Delta t}{\Delta x} \)	FORMULE metodi_numerici
Coefficiente di diffusione numerica (upwind)	\( D_{num} = \frac{a\,\Delta x}{2}\left(1 - \nu\right) = \frac{a\,\Delta x}{2}\left(1 - \frac{a\Delta t}{\Delta x}\right) \ge 0 \)	FORMULE metodi_numerici
Equazione modificata del centrato (anti-diffusione)	\( u_t + a\,u_x = -\frac{a^2 \Delta t}{2}\,u_{xx} + O(\Delta x^2) \)	FORMULE metodi_numerici
Coefficiente di diffusione numerica (centrato)	\( D_{num} = -\frac{a^2 \Delta t}{2} < 0 \quad \Rightarrow \text{ anti-diffusivo, instabile} \)	FORMULE metodi_numerici
Dominio di dipendenza numerico (CFL geometrico)	\( |a|\,\Delta t \le \Delta x \)	FORMULE metodi_numerici
Errore locale di troncamento	\( \tau(h) = y(t_{k+1}) - \tilde y_{k+1} = y(t_{k+1}) - y(t_k) - h\,f(t_k,y(t_k)) \)	FORMULE metodi_numerici_ode
Soluzione numerica dal dato esatto	\( \tilde y_{k+1} = y(t_k) + h\,f(t_k, y(t_k)) \)	FORMULE metodi_numerici_ode
Errore locale di discretizzazione	\( d(h) = \dfrac{\tau(h)}{h} \)	FORMULE metodi_numerici_ode
Errore globale (decomposizione)	\[ e_{k+1} = y(t_{k+1}) - y_{k+1} = \underbrace{\big(y(t_{k+1})-\tilde y_{k+1}\big)}_{\text{troncamento}} + \underbrace{\big(\tilde y_{k+1}-y_{k+1}\big)}_{\text{propagazione}} \]	FORMULE metodi_numerici_ode
Consistenza	\( \lim_{h\to0} d(h) = 0 \)	FORMULE metodi_numerici_ode
Ordine del metodo	\( d(h) = \mathcal{O}(h^p) \qquad (\text{Eulero: } p=1) \)	FORMULE metodi_numerici_ode
0-stabilita	\( \lvert y_k-\hat y_k\rvert \le K\,\lvert y_0-\hat y_0\rvert, \quad \forall k\le \dfrac{b-a}{h} \)	FORMULE metodi_numerici_ode
Assoluta stabilita	\( \lim_{k\to\infty} y_k = 0 \quad (\text{solo se } \mathrm{Re}(\lambda)<0) \)	FORMULE metodi_numerici_ode
Teorema di Lax (convergenza)	\( \text{consistenza} + \text{0-stabilita} \;\Rightarrow\; \text{convergenza}, \quad \lim_{N\to\infty} y_N = y(t) \)	FORMULE metodi_numerici_ode
Fattore di amplificazione	\( y_{k+1} = \mathcal{F}(h\lambda)\,y_k \;\Rightarrow\; y_{k+1} = \mathcal{F}(h\lambda)^{k+1}\,y_0 \)	FORMULE metodi_numerici_ode
Regione di assoluta stabilita	\( R_a = \{\, h\lambda \in \mathbb{C} : \lvert \mathcal{F}(h\lambda)\rvert < 1 \,\} \)	FORMULE metodi_numerici_ode
Stabilita per sistemi	\( y'(t)=Ay(t) \;\Rightarrow\; \mathrm{Re}(\lambda_i)<0 \ \ \forall i \)	FORMULE metodi_numerici_ode
Eulero esplicito	\( y_{k+1} = y_k + h\,f(t_k,y_k), \qquad \mathcal{F}(h\lambda) = 1 + h\lambda \)	FORMULE metodi_numerici_ode
Regione di stabilita Eulero esplicito	\( \lvert 1 + h\lambda \rvert < 1 \quad (\text{cerchio di centro } -1,\ \text{raggio } 1) \)	FORMULE metodi_numerici_ode
Eulero implicito	\( y_{k+1} = y_k + h\,f(t_{k+1},y_{k+1}), \qquad \mathcal{F}(h\lambda) = \dfrac{1}{1-h\lambda} \)	FORMULE metodi_numerici_ode
Regione di stabilita Eulero implicito	\( \left\lvert \dfrac{1}{1-h\lambda}\right\rvert < 1 \quad (\text{esterno del cerchio di centro } +1,\ \text{raggio } 1;\ \text{A-stabile}) \)	FORMULE metodi_numerici_ode
Heun	\( y_{k+1} = y_k + \dfrac{h}{2}\big[f(t_k,y_k)+f(t_{k+1},\,y_k+h f(t_k,y_k))\big], \qquad \mathcal{F}(h\lambda)=1+h\lambda+\dfrac{(h\lambda)^2}{2} \)	FORMULE metodi_numerici_ode
Trapezi (Crank-Nicolson)	\( y_{k+1} = y_k + \dfrac{h}{2}\big[f(t_k,y_k)+f(t_{k+1},y_{k+1})\big] \quad (p=2,\ \text{implicito}) \)	FORMULE metodi_numerici_ode
Eulero modificato (punto medio)	\( y_{k+1} = y_k + h\,f\!\big(t_k+\tfrac{h}{2},\, y_k+\tfrac{h}{2}f(t_k,y_k)\big) \)	FORMULE metodi_numerici_ode
Runge-Kutta esplicito (s stadi)	\( y_{k+1} = y_k + h\sum_{i=1}^{s} a_i\, f\!\big(t_k+b_i h,\ y_k + h\sum_{j=1}^{i-1} c_{ij} k_j\big) \)	FORMULE metodi_numerici_ode
RK4 classico	\[ y_{k+1}=y_k+\dfrac{h}{6}(k_1+2k_2+2k_3+k_4),\quad \begin{aligned} k_1&=f(t_k,y_k)\\ k_2&=f(t_k+\tfrac h2, y_k+\tfrac h2 k_1)\\ k_3&=f(t_k+\tfrac h2, y_k+\tfrac h2 k_2)\\ k_4&=f(t_k+h, y_k+h k_3)\end{aligned} \]	FORMULE metodi_numerici_ode
Tableau di Butcher (condizioni di consistenza)	\( \sum_{i=1}^{s} a_i = 1, \qquad b_i = \sum_{j=1}^{s} c_{ij} \quad \forall i=1,\dots,s \)	FORMULE metodi_numerici_ode
Tableau di Butcher (struttura)	\( \begin{array}{c|c} \mathbf{c} & A \\ \hline & \mathbf{b}^{\mathsf T} \end{array} \quad (A\ \text{strett. triang. inf.} \Rightarrow \text{esplicito}) \)	FORMULE metodi_numerici_ode
Grado di stiffness	\( \max_i \lvert \mathrm{Re}(\lambda_i)\rvert\, L \gg 1 \quad (\text{rapporto } \lambda_{\max}/\lambda_{\min}\ \text{molto grande}) \)	FORMULE metodi_numerici_ode
Soluzione di un sistema (stiff)	\( y(t)=c_1 e^{\lambda_1(t-t_0)}v_1+\dots+c_m e^{\lambda_m(t-t_0)}v_m \)	FORMULE metodi_numerici_ode
Condizione CFL	\( \mathrm{CFL} = \dfrac{c\,\Delta t}{\Delta x} \le 1 \quad \Rightarrow\quad \Delta t \le \dfrac{\Delta x}{c} \)	FORMULE metodi_numerici_ode
Decomposizione su base POD	\(u(\bar{x},\bar{\mu})=\displaystyle\sum_{i=1}^{N}\tilde{a}_i(\bar{\mu})\,\phi_i(\bar{x}),\qquad N\le N_s\) — separazione spazio (modi \(\phi_i\)) × parametri (coefficienti \(\tilde a_i\)).	FORMULE modelli_ordine_ridotto
Matrice di correlazione (snapshot)	\[C_{jk}=\langle u_j,u_k\rangle,\qquad j,k=1,\dots,N_s\] — matrice \(N_s\times N_s\) dei prodotti scalari tra snapshot (metodo degli snapshot di Sirovich). I suoi autovettori combinano gli snapshot nei modi.	FORMULE modelli_ordine_ridotto
Prodotto scalare L2 discreto	\(\langle g,u\rangle=\displaystyle\int_{\Omega} g\,u\,d\Omega\;\simeq\;\sum_{\ell=1}^{N_{cell}} g(\bar{x}_\ell)\,u(\bar{x}_\ell)\,V_\ell\) — discretizzazione FV come somma pesata sui volumi di cella \(V_\ell\); norma associata \(\|\phi\|^2=\langle\phi,\phi\rangle\).	FORMULE modelli_ordine_ridotto
Problema di ottimo POD	\[\max_{\phi_i}\sum_{k=1}^{N_s}\langle u_k,\phi_i\rangle^2\qquad\text{s.t.}\qquad \|\phi_i\|_\Omega^2=1\] — i modi massimizzano la proiezione degli snapshot (= catturano più energia); il vincolo di norma unitaria rende il problema ben posto.	FORMULE modelli_ordine_ridotto
Energia = traccia = somma autovalori	\[E_{tot}=\sum_{k=1}^{N_s}\|u_k\|_\Omega^2=\mathrm{tr}(C)=\sum_{i=1}^{N_s}\lambda_i\] — energia totale del database = traccia della matrice di correlazione = somma degli autovalori; ogni \(\lambda_i\) è l'energia catturata dal modo \(i\).	FORMULE modelli_ordine_ridotto
RIC (Relative Information Content)	\[RIC(n)=\frac{\sum_{i=1}^{n}\lambda_i}{\sum_{i=1}^{N_s}\lambda_i}>0.99\] — frazione cumulata di energia; si tiene il minimo \(n\) che supera la soglia (~10 modi bastano).	FORMULE modelli_ordine_ridotto
Soluzione ridotta online (Galerkin)	\(u(\bar{x},\bar{\mu})=\displaystyle\sum_{i=1}^{n}\tilde{u}_i(\bar{\mu})\,\phi_i(\bar{x})\), con coefficienti dalla proiezione di Galerkin \(\tilde{u}_i(\bar{\mu})=\langle u(\cdot,\bar{\mu}),\phi_i\rangle\) (modi ortonormali); online i \(\tilde u_i\) si interpolano nei parametri (polinomi, RBF, NN, GP).	FORMULE modelli_ordine_ridotto
Frazione di massa di una specie	\( Y_i = \dfrac{m_i}{m}, \qquad \sum_{i=1}^{N_S} Y_i = 1 \)	FORMULE reacting_flows
Concentrazione molare di una specie	\( [X_s] = \dfrac{\rho_s}{M_s} \)	FORMULE reacting_flows
Mixture fraction (equazione di trasporto, scalare conservato)	\[ \dfrac{\partial(\rho Z)}{\partial t} + \nabla\cdot(\rho\mathbf u\,Z) = \nabla\cdot(\rho D\nabla Z) \]	FORMULE reacting_flows
Mixture fraction (definizione e fiamma diffusiva)	\( Z = 1 \text{ nel combustibile},\ Z = 0 \text{ nell'ossidante};\ \text{fiamma su } Z = Z_{st} \)	FORMULE reacting_flows
Numero di Damkohler	\( \mathrm{Da} = \dfrac{\tau_t}{\tau_c} = \dfrac{\text{tempo di mescolamento}}{\text{tempo chimico}} \)	FORMULE reacting_flows
Tempo di mixing turbolento	\( \tau_t = \dfrac{k}{\varepsilon} \)	FORMULE reacting_flows
Tempo chimico	\( \tau_c \approx \dfrac{\delta_L}{S_L} \)	FORMULE reacting_flows
Legge di Arrhenius (costante diretta)	\( K_{f,j} = A_j\, T^{\beta_j}\, \exp\!\left(-\dfrac{E_{a,j}}{R\,T}\right) \)	FORMULE reacting_flows
Costante cinetica inversa (via equilibrio)	\( K_{b,j} = \dfrac{K_{f,j}}{K_{eq,j}(T)} \)	FORMULE reacting_flows
Costante di equilibrio (termodinamica)	\( K_{eq,j}(T) = \exp\!\left(-\dfrac{\Delta G^\circ_j}{R\,T}\right), \qquad \Delta G^\circ_j = \Delta H^\circ_j - T\,\Delta S^\circ_j \)	FORMULE reacting_flows
Equilibrio dettagliato (rapporto delle costanti)	\( \dfrac{K_{f,j}}{K_{b,j}} = \prod_s [X_s]^{\nu^P_{sj}-\nu^R_{sj}} \equiv K_{c,j}(T) \)	FORMULE reacting_flows
Passaggio Keq - Kc	\( K_{c,j} = K_{eq,j}\,(R\,T)^{-\Delta n_j}, \qquad \Delta n_j = \sum_s(\nu^P_{sj}-\nu^R_{sj}) \)	FORMULE reacting_flows
Equazione di trasporto delle specie	\[ \dfrac{\partial(\rho Y_i)}{\partial t} + \nabla\cdot(\rho\mathbf u\,Y_i) = -\nabla\cdot\mathbf J_i + \dot\omega_i \qquad i=1,\dots,N_S \]	FORMULE reacting_flows
Flusso diffusivo di massa (legge di Fick)	\( \mathbf J_i = -\rho D_i\nabla Y_i, \qquad \sum_i \mathbf J_i = 0 \)	FORMULE reacting_flows
Continuita globale (massa)	\( \dfrac{\partial\rho}{\partial t} + \nabla\cdot(\rho\mathbf u) = 0 \)	FORMULE reacting_flows
Quantita di moto	\[ \dfrac{\partial(\rho\mathbf u)}{\partial t} + \nabla\cdot(\rho\mathbf u\otimes\mathbf u) = \nabla\cdot\boldsymbol\sigma, \qquad \boldsymbol\sigma = \boldsymbol\tau - p\,\mathbf I \]	FORMULE reacting_flows
Equazione dell'energia totale	\[ \dfrac{\partial(\rho E)}{\partial t} + \nabla\cdot(\rho\mathbf u\,E) = \nabla\cdot(\boldsymbol\sigma\cdot\mathbf u) - \nabla\cdot\mathbf q_c - \nabla\cdot\mathbf q_m \]	FORMULE reacting_flows
Flussi di calore conduttivo e diffusivo	\( \mathbf q_c = -\lambda\nabla T, \qquad \mathbf q_m = \sum_i h_i\,\mathbf J_i \)	FORMULE reacting_flows
Energia totale specifica	\( E = \sum_{i=1}^{N_S} Y_i\, e_i + \tfrac12\,\mathbf u^2 \)	FORMULE reacting_flows
Entalpia di specie (relazione con energia interna)	\( h_i = e_i + \dfrac{p}{\rho} \)	FORMULE reacting_flows
Entalpia assoluta di specie (formazione + sensibile)	\( h_i = h^\circ_{f,i} + \int_{T_0}^{T} c_{p,i}(T')\,dT' \)	FORMULE reacting_flows
Entalpia totale specifica	\( H = E + \dfrac{p}{\rho} \)	FORMULE reacting_flows
Sorgente di calore (entalpia sensibile)	\( \dot Q = -\sum_i h^\circ_{f,i}\,\dot\omega_i \)	FORMULE reacting_flows
Numero di Lewis	\( Le = \dfrac{\alpha}{D_i} \)	FORMULE reacting_flows
Tasso di specie da rateo di reazione	\( \dot\omega_i = M_i \sum_{j=1}^{N_r} (\nu^P_{ij} - \nu^R_{ij})\, q_j \)	FORMULE reacting_flows
Tasso di specie (formula completa)	\[ \dot\omega_i = \sum_{j=1}^{N_r}(\nu^P_{ij}-\nu^R_{ij})\left[ K_{f,j}\prod_{s=1}^{N_S}\Big(\dfrac{\rho_s}{M_s}\Big)^{\nu^R_{sj}} - K_{b,j}\prod_{s=1}^{N_S}\Big(\dfrac{\rho_s}{M_s}\Big)^{\nu^P_{sj}} \right] \]	FORMULE reacting_flows
Rate of progress di una reazione	\( q_j = K_{f,j}\prod_s [X_s]^{\nu^R_{sj}} - K_{b,j}\prod_s [X_s]^{\nu^P_{sj}} \)	FORMULE reacting_flows
Eddy Dissipation Model (rate medio)	\( \overline{\dot\omega}_c \approx C\,\dfrac{\bar\rho}{\tau_t}\,\tilde c\,(1-\tilde c), \qquad \tau_t = \dfrac{k}{\varepsilon} \)	FORMULE reacting_flows
Finite-Rate / Eddy-Dissipation	\( \overline{\dot\omega} = \min\big(\dot\omega_{\text{finite-rate}},\ \dot\omega_{\text{EDM}}\big) \)	FORMULE reacting_flows
Tasso medio via beta-PDF (convoluzione)	\( \widetilde{\dot\omega}_i = \int_0^1 \dot\omega_i(Z)\,\tilde P\big(Z;\tilde Z,\widetilde{Z''^2}\big)\,dZ \)	FORMULE reacting_flows
Composizione media via beta-PDF	\( \tilde Y_i = \int_0^1 Y_i(Z)\,\tilde P(Z)\,dZ \)	FORMULE reacting_flows
Thickened Flame Model (scaling)	\( D \to F\,D, \qquad \dot\omega \to \dfrac{\dot\omega}{F} \)	FORMULE reacting_flows
Velocita e spessore di fiamma laminare (scaling)	\( S_L \propto \sqrt{D\,\dot\omega}, \qquad \delta_L \propto \sqrt{D/\dot\omega} \)	FORMULE reacting_flows
Forma conservativa 1D	\( \frac{\partial u}{\partial t} + \frac{\partial f}{\partial x} = 0, \qquad f = f(u) \)	FORMULE schemi_volumi_finiti
Eulero come limite di Navier-Stokes	\( \partial_t \mathbf U + \nabla\cdot \mathbf F^c = 0 \quad (\mu=k=0) \)	FORMULE schemi_volumi_finiti
Forma integrale sulla cella	\( \frac{\partial}{\partial t}\int_{x_{j-1/2}}^{x_{j+1/2}} u\,dx = -\left(f_{j+1/2} - f_{j-1/2}\right) \)	FORMULE schemi_volumi_finiti
Media di cella (variabile conservata)	\( U_j = \frac{1}{\Delta x}\int_{x_{j-1/2}}^{x_{j+1/2}} u\,dx \)	FORMULE schemi_volumi_finiti
Aggiornamento a volumi finiti (esplicito)	\( U_j^{n+1} = U_j^n - \frac{\Delta t}{\Delta x}\left[F_{j+1/2} - F_{j-1/2}\right] \)	FORMULE schemi_volumi_finiti
Flusso centrato (media aritmetica)	\( f_{j+1/2} = \tfrac12(f_j + f_{j+1}), \qquad f_{j-1/2} = \tfrac12(f_{j-1}+f_j) \)	FORMULE schemi_volumi_finiti
Schema centrato esplicito	\( \frac{U_j^{n+1}-U_j^n}{\Delta t} + \frac{f_{j+1/2}^n - f_{j-1/2}^n}{\Delta x} = 0 \)	FORMULE schemi_volumi_finiti
Flusso numerico di Lax-Friedrichs / Rusanov	\( F_{j+1/2}^{LF} = \tfrac12(F_j + F_{j+1}) - \frac{\lambda_{max}}{2}(U_{j+1} - U_j) \)	FORMULE schemi_volumi_finiti
Velocita di dissipazione di Rusanov	\( \lambda_{max} = \max(|\lambda_j|,|\lambda_{j+1}|) \)	FORMULE schemi_volumi_finiti
Condizione CFL	\( \mathrm{CFL} = \frac{\lambda_{max}\,\Delta t}{\Delta x} \le 1, \qquad \lambda_{max}=\max_j\max_k |\lambda_k^j| \)	FORMULE schemi_volumi_finiti
Dato iniziale del problema di Riemann	\( u(x,0)=\begin{cases} u_L & x<0 \\ u_R & x>0 \end{cases} \)	FORMULE schemi_volumi_finiti
Autovalori di Eulero 1D	\( \lambda_1 = u-a, \quad \lambda_2 = u, \quad \lambda_3 = u+a \)	FORMULE schemi_volumi_finiti
Segno dell'autovalore (direzione upwind)	\( \sigma_k = \operatorname{sign}(\lambda_k) \in \{-1,+1\} \)	FORMULE schemi_volumi_finiti
Proiettori upwind	\( \frac{1+\sigma_k}{2} \;(\text{onde destre}), \qquad \frac{1-\sigma_k}{2} \;(\text{onde sinistre}) \)	FORMULE schemi_volumi_finiti
Schema di Godunov (aggiornamento)	\( U_j^{n+1} = U_j^n - \frac{\Delta t}{\Delta x}\left[F_{j+1/2} - F_{j-1/2}\right] \)	FORMULE schemi_volumi_finiti
Decomposizione del salto di flusso (3 onde)	\( F_B - F_A = (F_C - F_A) + (F_D - F_C) + (F_B - F_D) \)	FORMULE schemi_volumi_finiti
Contributi direzionali DF (destra e sinistra)	\( \overrightarrow{DF}_j = \sum_k \frac{1+\sigma_k}{2}\,\Delta F_k, \qquad \overleftarrow{DF}_j = \sum_k \frac{1-\sigma_k}{2}\,\Delta F_k \)	FORMULE schemi_volumi_finiti
Flusso numerico di Godunov (upwind)	\( F_{j+1/2} = F_j + \overleftarrow{DF}_j = F_{j+1} - \overrightarrow{DF}_j \)	FORMULE schemi_volumi_finiti
Aggiornamento upwind della cella j	\( U_j^{n+1} = U_j^n - \frac{\Delta t}{\Delta x}\left[\overleftarrow{DF}_j + \overrightarrow{DF}_{j-1}\right] \)	FORMULE schemi_volumi_finiti
Flux Vector Splitting (FVS)	\( \mathbf F = \mathbf F^+(U) + \mathbf F^-(U) \)	FORMULE schemi_volumi_finiti
Flux Difference Splitting (FDS)	\( \Delta F = F(U_R) - F(U_L) = A^+\Delta U + A^-\Delta U, \quad A=\frac{\partial F}{\partial U} \)	FORMULE schemi_volumi_finiti
Condizione di consistenza di Roe	\( \bar A\,(U_R - U_L) = F(U_R) - F(U_L) \)	FORMULE schemi_volumi_finiti
Media di Roe (velocita)	\( \bar u = \frac{\sqrt{\rho_L}\,u_L + \sqrt{\rho_R}\,u_R}{\sqrt{\rho_L}+\sqrt{\rho_R}} \)	FORMULE schemi_volumi_finiti
Media di Roe (entalpia totale)	\( \bar H = \frac{\sqrt{\rho_L}\,H_L + \sqrt{\rho_R}\,H_R}{\sqrt{\rho_L}+\sqrt{\rho_R}} \)	FORMULE schemi_volumi_finiti
Autovalori della matrice di Roe	\( \lambda(\bar A) = \{\bar u - \bar a,\; \bar u,\; \bar u + \bar a\} \in \mathbb{R} \)	FORMULE schemi_volumi_finiti
Flusso di Roe (contributo upwind)	\( \overrightarrow{\delta F}_j = \sum_{k=1}^{3} \frac{\bar\lambda_k - |\bar\lambda_k|}{2}\,e^k\,\delta w_j^k \)	FORMULE schemi_volumi_finiti
Entropy fix (Harten-Hyman)	\( |\lambda_k| \to \max(|\lambda_k|, \epsilon) \quad \text{se } |\lambda_k| < \epsilon \)	FORMULE schemi_volumi_finiti
Decomposizione di Reynolds	\( u_i(\mathbf{x},t)=\bar u_i(\mathbf{x})+u_i'(\mathbf{x},t),\quad \overline{u_i'}=0 \)	FORMULE turbolenza
Media temporale	\( \bar u_i(\mathbf{x})=\lim_{T\to\infty}\frac{1}{T}\int_t^{t+T} u_i(\mathbf{x},t')\,dt' \)	FORMULE turbolenza
Media spaziale (d'insieme)	\( \bar u(t)=\lim_{\Omega\to\infty}\frac{1}{\Omega}\int_\Omega u(\mathbf{x},t)\,d\Omega \)	FORMULE turbolenza
Media di Favre (compressibile)	\( \tilde u_i=\dfrac{\overline{\rho\,u_i}}{\bar\rho} \)	FORMULE turbolenza
Regola della media del prodotto	\( \overline{uv}=\bar u\,\bar v+\overline{u'v'} \)	FORMULE turbolenza
Covarianza (definizione statistica)	\( \mathrm{Cov}(X,Y)=E[(X-\bar X)(Y-\bar Y)]=E[XY]-E[X]\,E[Y] \)	FORMULE turbolenza
Proprieta dell'operatore di media	\[ \bar{\bar u}=\bar u,\quad \overline{u'}=0,\quad \overline{au+bv}=a\bar u+b\bar v,\quad \overline{\partial u/\partial x_i}=\partial\bar u/\partial x_i \]	FORMULE turbolenza
Media del quadrato di una fluttuazione sinusoidale	\( u'=A\sin(\omega t)\ \Rightarrow\ \overline{(u')^2}=\tfrac{A^2}{2}\neq 0 \)	FORMULE turbolenza
Equazione RANS incompressibile	\[ \rho\frac{\partial\bar u_i}{\partial t}+\rho\,\bar u_j\frac{\partial\bar u_i}{\partial x_j}=-\frac{\partial\bar p}{\partial x_i}+\frac{\partial}{\partial x_j}\big(\bar\tau_{ij}-\rho\,\overline{u_i'u_j'}\big) \]	FORMULE turbolenza
Sforzo viscoso (legge di Newton, indiciale)	\( \tau_{ij}=\mu\big(\partial_j u_i+\partial_i u_j\big) \)	FORMULE turbolenza
Continuita del campo medio e della fluttuazione	\( \partial_i\bar u_i=0,\qquad \partial_i u_i'=0 \)	FORMULE turbolenza
Tensore degli sforzi di Reynolds	\( \tau^R_{ij}=-\rho\,\overline{u_i'u_j'} \) (simmetrico, 6 incognite indipendenti)	FORMULE turbolenza
Energia cinetica turbolenta k	\( k=\tfrac12\,\overline{u_i'u_i'}=\tfrac12\big(\overline{u_1'^2}+\overline{u_2'^2}+\overline{u_3'^2}\big) \)	FORMULE turbolenza
k in funzione del tensore di Reynolds	\( k=-\dfrac{1}{2\rho}\,\mathrm{tr}(\mathbf{R}) \)	FORMULE turbolenza
Decomposizione isotropa/anisotropa di un tensore simmetrico	\[ T_{ij}=\underbrace{\tfrac13 T_{kk}\,\delta_{ij}}_{\text{isotropa}}+\underbrace{\big(T_{ij}-\tfrac13 T_{kk}\,\delta_{ij}\big)}_{\text{anisotropa}} \]	FORMULE turbolenza
Parti isotropa/anisotropa del tensore di Reynolds	\[ -\rho\overline{u_i'u_j'}=-\tfrac23\rho k\,\delta_{ij}+\big(-\rho\overline{u_i'u_j'}+\tfrac23\rho k\,\delta_{ij}\big) \]	FORMULE turbolenza
Ipotesi di Boussinesq	\( \tau^R_{ij}=-\rho\overline{u_i'u_j'}=2\mu_T S_{ij}-\tfrac23\rho k\,\delta_{ij} \)	FORMULE turbolenza
Boussinesq compressibile (tre termini)	\[ \tau^R_{ij}=2\mu_T\bar S_{ij}-\tfrac23\mu_T\frac{\partial\bar u_k}{\partial x_k}\delta_{ij}-\tfrac23\rho k\,\delta_{ij} \]	FORMULE turbolenza
Tensore velocita di deformazione (campo medio)	\( S_{ij}=\tfrac12\big(\dfrac{\partial\bar u_i}{\partial x_j}+\dfrac{\partial\bar u_j}{\partial x_i}\big) \)	FORMULE turbolenza
Pressione modificata (assorbe la parte isotropa)	\( \bar p^*=\bar p+\tfrac23\rho k \)	FORMULE turbolenza
Stima dimensionale della viscosita turbolenta	\( \mu_T\sim\rho\,u_t\,l_t \)	FORMULE turbolenza
Viscosita turbolenta (k-epsilon)	\( \mu_T=C_\mu\,\rho\,\dfrac{k^2}{\varepsilon},\quad C_\mu\approx0.09 \)	FORMULE turbolenza
Viscosita turbolenta (k-omega)	\( \mu_T=\dfrac{\bar\rho\,k}{\omega} \)	FORMULE turbolenza
Relazione omega-epsilon	\( \omega=\dfrac{\varepsilon}{k} \)	FORMULE turbolenza
Equazione di trasporto di k (k-epsilon)	\[ \frac{\partial(\bar\rho k)}{\partial t}+\frac{\partial(\bar\rho\tilde u_i k)}{\partial x_i}=\frac{\partial}{\partial x_j}\!\Big[\big(\mu+\tfrac{\mu_T}{\sigma_k}\big)\frac{\partial k}{\partial x_j}\Big]+G_k-\bar\rho\varepsilon+Y_M \]	FORMULE turbolenza
Equazione di trasporto di epsilon (k-epsilon)	\[ \frac{\partial(\bar\rho\varepsilon)}{\partial t}+\frac{\partial(\bar\rho\tilde u_i\varepsilon)}{\partial x_i}=\frac{\partial}{\partial x_j}\!\Big[\big(\mu+\tfrac{\mu_T}{\sigma_\varepsilon}\big)\frac{\partial\varepsilon}{\partial x_j}\Big]+C_{1\varepsilon}\frac{\varepsilon}{k}G_k-C_{2\varepsilon}\bar\rho\frac{\varepsilon^2}{k} \]	FORMULE turbolenza
Produzione di k	\( G_k=\tau^F_{ij}\,\dfrac{\partial\tilde u_j}{\partial x_i} \)	FORMULE turbolenza
Dissipazione di dilatazione (comprimibilita)	\( Y_M=2\bar\rho\varepsilon M_t^2,\quad M_t=\dfrac{\sqrt{2k}}{a} \)	FORMULE turbolenza
Equazione di trasporto di k (k-omega)	\[ \frac{\partial(\bar\rho k)}{\partial t}+\frac{\partial(\bar\rho\tilde u_i k)}{\partial x_i}=\frac{\partial}{\partial x_j}\!\Big[\big(\mu+\tfrac{\mu_T}{\sigma_k}\big)\frac{\partial k}{\partial x_j}\Big]+G_k-\beta^*\bar\rho\,\omega k \]	FORMULE turbolenza
Equazione di trasporto di omega (k-omega)	\[ \frac{\partial(\bar\rho\omega)}{\partial t}+\frac{\partial(\bar\rho\tilde u_i\omega)}{\partial x_i}=\frac{\partial}{\partial x_j}\!\Big[\big(\mu+\tfrac{\mu_T}{\sigma_\omega}\big)\frac{\partial\omega}{\partial x_j}\Big]+\frac{\alpha\omega}{k}G_k-\beta\bar\rho\,\omega^2+\bar\rho\frac{\sigma_d}{\omega}\frac{\partial k}{\partial x_j}\frac{\partial\omega}{\partial x_j} \]	FORMULE turbolenza
SST: funzione di blending	\( F_1=1 \) a parete (k-omega), \( F_1=0 \) nel free-stream (k-epsilon); cross-diffusion attivata da \( 1-F_1 \)	FORMULE turbolenza
Spalart-Allmaras: equazione di trasporto di nu-tilde	\[ \frac{\partial\tilde\nu}{\partial t}+\bar u_j\frac{\partial\tilde\nu}{\partial x_j}=C_{b1}\tilde S\tilde\nu-C_{w1}f_w\Big(\frac{\tilde\nu}{d}\Big)^2+\frac{1}{\sigma_v}\Big[\partial_j\big((\nu+\tilde\nu)\partial_j\tilde\nu\big)+C_{b2}|\partial_j\tilde\nu|^2\Big] \]	FORMULE turbolenza
Spalart-Allmaras: viscosita turbolenta	\( \mu_t=\bar\rho\,\tilde\nu\,f_{v1},\qquad f_{v1}=\dfrac{\chi^3}{\chi^3+c_{v1}^3},\quad \chi=\dfrac{\tilde\nu}{\nu} \)	FORMULE turbolenza
RSM: equazione di trasporto degli sforzi	\[ \frac{\partial\overline{u_i'u_j'}}{\partial t}+\bar u_k\frac{\partial\overline{u_i'u_j'}}{\partial x_k}=P_{ij}+\Pi_{ij}-\varepsilon_{ij}+D_{ij} \]	FORMULE turbolenza
RSM: termine di produzione (esatto)	\( P_{ij}=-\big(\overline{u_i'u_k'}\,\partial_k\bar u_j+\overline{u_j'u_k'}\,\partial_k\bar u_i\big) \)	FORMULE turbolenza
Realizzabilita: componenti diagonali	\( \tau^R_{ii}=-\rho\,\overline{(u_i')^2}\le 0 \) (nessuna somma su i)	FORMULE turbolenza
Realizzabilita: disuguaglianza di Schwarz	\( \big(\overline{u_i'u_j'}\big)^2\le\overline{(u_i')^2}\,\overline{(u_j')^2} \)	FORMULE turbolenza
Coefficiente di correlazione	\( \rho_{uv}=\dfrac{\overline{u'v'}}{\sqrt{\overline{u'^2}}\,\sqrt{\overline{v'^2}}}\in[-1,+1] \)	FORMULE turbolenza
Scale di Kolmogorov	\[ \eta=\Big(\frac{\nu^3}{\varepsilon}\Big)^{1/4},\qquad \tau_\eta=\Big(\frac{\nu}{\varepsilon}\Big)^{1/2},\qquad u_\eta=(\nu\varepsilon)^{1/4} \]	FORMULE turbolenza
Separazione di scale (integrale/Kolmogorov)	\( \dfrac{L}{\eta}\propto Re_L^{3/4} \)	FORMULE turbolenza
Celle DNS in 3D	\( N_{celle}\propto\Big(\dfrac{L}{\eta}\Big)^3\propto Re_L^{9/4} \)	FORMULE turbolenza
Numero di passi temporali DNS	\( N_{timestep}\propto\dfrac{T_{conv}}{\tau_\eta}\propto Re_L^{1/2},\qquad \tau_\eta\propto Re^{-1/2} \)	FORMULE turbolenza
Costo computazionale DNS	\( \text{Costo}\propto N_{celle}\times N_{timestep}\propto Re^{9/4}\cdot Re^{3/4}=Re^3 \)	FORMULE turbolenza
Spettro inerziale di Kolmogorov	\( E(k)\propto\varepsilon^{2/3}k^{-5/3} \)	FORMULE turbolenza
Filtraggio LES (convoluzione)	\( \bar u(\mathbf{x},t)=\int_\Omega u(\mathbf{x},t)\,G(\mathbf{x},r,\Delta)\,dr,\qquad \int_\Omega G\,dr=1 \)	FORMULE turbolenza
Ampiezza del filtro LES	\( \Delta=(\Delta x\,\Delta y\,\Delta z)^{1/3} \)	FORMULE turbolenza
Convoluzione (definizione)	\( (f*g)(x)=\int_{-\infty}^{+\infty} f(\xi)\,g(x-\xi)\,d\xi \)	FORMULE turbolenza
Equazioni LES filtrate (incompressibili)	\[ \frac{\partial\bar u_i}{\partial x_i}=0,\qquad \frac{\partial\bar u_i}{\partial t}+\frac{\partial(\bar u_i\bar u_j)}{\partial x_j}=-\frac1\rho\frac{\partial\bar p}{\partial x_i}+\nu\nabla^2\bar u_i-\frac{\partial\tau^{sgs}_{ij}}{\partial x_j} \]	FORMULE turbolenza
Tensore degli sforzi SGS	\( \tau^{sgs}_{ij}=\rho\big(\overline{u_iu_j}-\bar u_i\bar u_j\big) \)	FORMULE turbolenza
Decomposizione del tensore SGS (Leonard/cross/Reynolds)	\( \tau^s_{ij}=L_{ij}+C_{ij}+R_{ij} \), con \( L_{ij}=\overline{\bar u_i\bar u_j}-\bar u_i\bar u_j \)	FORMULE turbolenza
Modello di Smagorinsky (parte anisotropa)	\( \tau^s_{ij}-\tfrac13\delta_{ij}\tau^s_{kk}=-2\,\nu_{sgs}\,\bar S_{ij}=-2(C_s\Delta)^2|\bar S|\,\bar S_{ij} \)	FORMULE turbolenza
Viscosita di sottogriglia (Smagorinsky)	\( \nu_{sgs}=(C_s\Delta)^2\,|\bar S|,\quad C_s\approx0.1\text{--}0.2 \)	FORMULE turbolenza
Tensore di deformazione filtrato e suo modulo	\( \bar S_{ij}=\tfrac12\big(\partial_j\bar u_i+\partial_i\bar u_j\big),\qquad |\bar S|=\sqrt{2\,\bar S_{ij}\bar S_{ij}} \)	FORMULE turbolenza
Identita di Germano	\( L_{ij}=T_{ij}-\widehat{\tau}_{ij} \)	FORMULE turbolenza
Tensore di Leonard (modello dinamico)	\( L_{ij}=\widehat{\bar u_i\bar u_j}-\widehat{\bar u}_i\widehat{\bar u}_j \)	FORMULE turbolenza
Sforzi SGS al test filter	\( T_{ij}=\widehat{\overline{u_iu_j}}-\widehat{\bar u}_i\widehat{\bar u}_j \)	FORMULE turbolenza
Modello dinamico: tensore M_ij	\( M_{ij}=\widehat{\Delta}^2\,|\widehat{\bar S}|\,\widehat{\bar S}_{ij}-\Delta^2\,\widehat{|\bar S|\,\bar S_{ij}} \)	FORMULE turbolenza
Coefficiente di Smagorinsky dinamico (Lilly, minimi quadrati)	\( C_s^2=-\dfrac12\,\dfrac{\langle L_{ij}M_{ij}\rangle}{\langle M_{kl}M_{kl}\rangle} \)	FORMULE turbolenza
Rapporto test filter / griglia	\( \widehat{\Delta}/\Delta=2 \)	FORMULE turbolenza
Variabili di parete	\( u^+=\dfrac{u}{u_\tau},\quad y^+=\dfrac{y}{\ell_\tau},\quad u_\tau=\sqrt{\dfrac{\tau_w}{\rho}},\quad \ell_\tau=\dfrac{\nu}{u_\tau},\quad \tau_w=\mu\dfrac{\partial u}{\partial y}\Big|_w \)	FORMULE turbolenza
Sottostrato viscoso (legge lineare)	\( u^+=y^+ \quad (y^+\lesssim5) \)	FORMULE turbolenza
Legge logaritmica di parete	\( u^+=\dfrac{1}{\kappa}\ln y^+ + B \quad (y^+\gtrsim30),\quad \kappa\approx0.41,\ B\approx5.2 \)	FORMULE turbolenza
Variabili star (separazione)	\( u^\star=\dfrac{u\,C_\mu^{1/4}k^{1/2}}{\tau_w/\rho},\qquad y^\star=\dfrac{\rho\,C_\mu^{1/4}k^{1/2}\,y}{\mu} \)	FORMULE turbolenza
Scala di velocita basata su k	\( u_k=C_\mu^{1/4}k^{1/2} \) (resta finita anche dove \( \tau_w=0 \))	FORMULE turbolenza
Dimensionamento prima cella per y+ target	\( y^+=\dfrac{y\,u_\tau}{\nu},\qquad \Delta y_{1,\text{new}}\approx\Delta y_{1,\text{old}}\cdot\dfrac{y^+_{\text{target}}}{y^+_{\text{attuale}}} \)	FORMULE turbolenza
Variabili di parete in separazione (singolarita)	\( \tau_w=0\Rightarrow u_\tau=0:\ \ell_\tau\to\infty,\ y^+\to0,\ u^+\to\infty \)	FORMULE turbolenza
Formula di Kader (wall function generica)	\( u^+=e^{\Gamma}u^+_{\text{lam}}+e^{1/\Gamma}u^+_{\text{turb}},\quad \Gamma=-\dfrac{a(y^+)^4}{1+b\,y^+} \)	FORMULE turbolenza
DES: lunghezza di scala	\( \tilde d=\min(d,\,C_{DES}\Delta) \)	FORMULE turbolenza
DDES: distanza modificata	\( \tilde d=d-f_d\,\max(0,\,d-C_{DES}\Delta) \)	FORMULE turbolenza
DDES: funzione di shielding	\[ f_d=1-\tanh\big[(8\,r_d)^3\big],\qquad r_d=\frac{\nu+\nu_t}{\kappa^2 d^2\sqrt{\partial_j u_i\,\partial_j u_i}},\qquad \kappa=0.41 \]	FORMULE turbolenza
Passo angolare di un canale (pitch)	\( \text{pitch} = \dfrac{360^\circ}{Z} \) — es. \( 360/30 = 12^\circ \); piu pale, passo piu stretto.	FORMULE turbomacchine
Settore periodico (sliding mesh)	\( \text{settore} = \dfrac{360^\circ}{\mathrm{MCD}(Z_1,Z_2)} \) — settore periodico minimo; MCD grande, settore piccolo, meno celle.	FORMULE turbomacchine
Canali per settore	\( \dfrac{Z_1}{\mathrm{MCD}(Z_1,Z_2)}, \quad \dfrac{Z_2}{\mathrm{MCD}(Z_1,Z_2)} \) — numero di canali delle due schiere; coprono lo stesso angolo.	FORMULE turbomacchine
Serie di Fourier circonferenziale all'interfaccia	\( U(r,\theta) = \displaystyle\sum_{n=-\infty}^{+\infty} \hat U_n(r)\, e^{\,in\theta} \) — \( n=0 \) valor medio, \( n\neq 0 \) scia e non-uniformita.	FORMULE turbomacchine
Media circonferenziale del mixing plane	\( \bar U(r) = \dfrac{1}{\Delta\theta}\displaystyle\int_{\theta_1}^{\theta_2} U(r,\theta)\, d\theta = \hat U_0(r) \) — conserva solo l'armonica \( n=0 \), profilo dipendente solo da \( r \).	FORMULE turbomacchine
Troncamento della scia (azzeramento armoniche)	\( \hat U_n(r) \xrightarrow{\;\text{mixing plane}\;} 0 \quad (n\neq 0) \) — azzerare le armoniche superiori equivale a miscelamento istantaneo, genera perdite di mixing numeriche.	FORMULE turbomacchine
Periodicita spaziale (passi uguali)	\( U(x,r,\theta,t) = U\!\left(x,r,\theta - \tfrac{2\pi}{Z_2},\, t\right) \) — stesso campo a un passo di distanza, stesso istante.	FORMULE turbomacchine
Periodicita corocronica / phase-lag (passi diversi)	\( U(x,r,\theta,t) = U\!\left(x,r,\theta - \tfrac{2\pi}{Z_2},\, t + \delta_t\right) \) — canale adiacente uguale ma a istante diverso; periodicita nel tempo.	FORMULE turbomacchine
Time-lag / sfasamento corocronico	\( \delta_t = \dfrac{\left\lvert \tfrac{2\pi}{Z_1} - \tfrac{2\pi}{Z_2} \right\rvert}{\left\lvert \Omega_1 - \Omega_2 \right\rvert} \) — tempo per percorrere la differenza di passo alla velocita relativa; se \( Z_1=Z_2 \) allora \( \delta_t=0 \).	FORMULE turbomacchine
Time-lag nel caso reale statore-rotore	\( \delta_t = \dfrac{\left\lvert \tfrac{2\pi}{Z_1} - \tfrac{2\pi}{Z_2} \right\rvert}{\Omega_{\text{rotore}}} \) — una schiera e ferma (\( \Omega=0 \)), quindi la velocita relativa coincide con \( \Omega_{\text{rotore}} \).	FORMULE turbomacchine
Velocita relativa fra le schiere	\( \left\lvert \Omega_1 - \Omega_2 \right\rvert \) — velocita angolare relativa statore-rotore; nel riferimento relativo una schiera e ferma.	FORMULE turbomacchine
Dimostra: classificazione ellittico/parabolico/iperbolico dal discriminante	\( \text{Da } A\,u_{xx}+B\,u_{xy}+C\,u_{yy}+\dots=0 \text{ si cercano le curve caratteristiche } \frac{dy}{dx}. \) Sostituendo un'onda piana / l'equazione caratteristica si ottiene \( A\,(dy)^2 - B\,dx\,dy + C\,(dx)^2 = 0 \Rightarrow A\Big(\tfrac{dy}{dx}\Big)^2 - B\Big(\tfrac{dy}{dx}\Big) + C = 0 \). Le radici sono reali e distinte sse \( \Delta=B^2-4AC>0 \) (due caratteristiche reali -> iperbolica), coincidenti se \( \Delta=0 \) (parabolica), complesse se \( \Delta<0 \) (nessuna caratteristica reale -> ellittica). Per il potenziale \( (1-M^2)\phi_{xx}+\phi_{yy}=0 \): \( A=1-M^2,\ B=0,\ C=1 \Rightarrow \Delta=-4(1-M^2) \), quindi \( M<1\Rightarrow\Delta<0 \) ellittica, \( M>1\Rightarrow\Delta>0 \) iperbolica.	PROOF bilancio
Dimostra: autovalori del sistema di Eulero 1D	\( \text{Da } U_t+F(U)_x=0 \text{, con } U=(\rho,\rho u,\rho E)^T \text{, si applica la chain rule: } F_x=\frac{\partial F}{\partial U}U_x=A(U)U_x \Rightarrow U_t+A\,U_x=0. \) Si calcola la Jacobiana \( A=\partial F/\partial U \) e il polinomio caratteristico \( \det(A-\lambda I)=0 \). Le radici sono \( \lambda_1=u-c,\ \lambda_2=u,\ \lambda_3=u+c \) con \( c=\sqrt{\gamma R T}=\sqrt{\gamma p/\rho} \). Essendo reali e distinte (per c>0), A e diagonalizzabile \( A=L\Lambda L^{-1} \): il sistema e iperbolico. Fisicamente: onda entropica a velocita u e due onde acustiche a \( u\pm c \).	PROOF bilancio
Dimostra: forma quasi-lineare dalla forma conservativa	\( \text{Da } U_t+F(U)_x=0 \text{, applico la chain rule al termine di flusso: } F(U)_x=\frac{\partial F}{\partial U}\frac{\partial U}{\partial x}. \) Definendo la Jacobiana \( A(U)=\partial F/\partial U \) si ottiene direttamente \( U_t+A(U)U_x=0 \). Le due forme coincidono per soluzioni regolari (C^1); in presenza di urti solo la forma conservativa da la velocita corretta via Rankine-Hugoniot.	PROOF bilancio
Dimostra: equazioni caratteristiche e di compatibilita	\( \text{Da } U_t+A\,U_x=0 \text{ con } A=L\Lambda L^{-1} \text{, premoltiplico per } L^{-1}: \ L^{-1}U_t+\Lambda L^{-1}U_x=0. \) Definendo le variabili caratteristiche \( dW=L^{-1}dU \), il sistema si disaccoppia in \( \frac{\partial W_k}{\partial t}+\lambda_k\frac{\partial W_k}{\partial x}=0 \). Lungo la k-esima caratteristica \( \frac{dx}{dt}=\lambda_k \) la PDE diventa la ODE \( \frac{dW_k}{dt}=0 \) (equazione di compatibilita): \( W_k \) (invariante di Riemann) e costante lungo quella linea. Cosi un sistema di PDE diventa un insieme di ODE lungo le caratteristiche.	PROOF caratteristiche
Dimostra: invarianti di Riemann per Eulero 1D	\( \text{Lungo } \frac{dx}{dt}=u\pm c \text{ le relazioni di compatibilita per gas politropico isentropico danno } du \pm \frac{dp}{\rho c}=0. \) Usando \( c^2=\gamma p/\rho \) e l'isentropica \( p/\rho^\gamma=\text{cost} \) si ottiene \( \frac{dp}{\rho c}=\frac{2}{\gamma-1}dc \), quindi \( d\big(u\pm\frac{2c}{\gamma-1}\big)=0 \). Pertanto \( J^{\pm}=u\pm\frac{2c}{\gamma-1} \) sono costanti lungo le rispettive caratteristiche \( C^{\pm}:\ \frac{dx}{dt}=u\pm c \).	PROOF caratteristiche
Dimostra: Rankine-Hugoniot dal bilancio integrale	\( \text{Parto dalla forma integrale (conservativa) su } [x_1,x_2]: \ \frac{d}{dt}\int_{x_1}^{x_2}U\,dx + \big[F\big]_{x_1}^{x_2}=0. \) Suppongo una discontinuita in \( x=\xi(t) \) con velocita \( s=\dot\xi \), e separo l'integrale in \( [x_1,\xi]\cup[\xi,x_2] \). Derivando con la regola di Leibniz (i bordi mobili portano i termini \( \mp sU \) valutati su valle/monte) e facendo tendere \( x_1,x_2\to\xi \) gli integrali regolari svaniscono e resta \( -s(U_R-U_L)+(F_R-F_L)=0 \), cioe \( s\,[\![U]\!]=[\![F]\!] \Rightarrow s=\frac{[\![F]\!]}{[\![U]\!]} \). Per Burgers (\( F=u^2/2 \)): \( s=\frac{u_L+u_R}{2} \).	PROOF caratteristiche
Dimostra: derivazione dei limiti di validita del continuo da Kn	\( \text{(1) Definisci } Kn=\dfrac{\lambda}{L},\ \lambda=\dfrac{1}{\sqrt2\,n\,\sigma}. \;\; \text{(2) Il continuo richiede equilibrio termodinamico locale: molte collisioni sulla scala } L \Rightarrow \lambda \ll L \Rightarrow Kn \ll 1. \;\; \text{(3) Versione locale: } L=Q/|\nabla Q| \Rightarrow Kn \text{ e un campo che dice dove } \lambda \text{ compete con la scala dei gradienti.} \;\; \text{(4) Soglie: } Kn<10^{-2} \text{ continuo (Navier-Stokes)}; \ 10^{-2}<Kn<1 \text{ transizione}; \ Kn>1 \text{ molecolare libero (Boltzmann/DSMC).} \)	PROOF flussi_rarefatti
Dimostra: perche nel plume Kn cresce a valle (lambda come campo)	\( \text{(1) } Kn=\dfrac{\lambda}{L},\ \lambda=\dfrac{1}{\sqrt2\,n\,\sigma}. \;\; \text{(2) Nel getto nel vuoto la densita numerica } n \text{ crolla di ordini di grandezza procedendo a valle.} \;\; \text{(3) } \lambda \propto 1/n \Rightarrow \lambda \text{ cresce enormemente.} \;\; \text{(4) Con } L \text{ ~ confrontabile, } Kn=\lambda/L \text{ sale dal regime continuo a quello molecolare libero: domina l'aumento di } \lambda. \)	PROOF flussi_rarefatti
Dimostra: scaling della viscosita del modello VHS, mu ~ T^omega	\( \text{(1) Teoria cinetica: } \mu \propto \rho\,\bar c\,\lambda. \;\; \text{(2) Con } \bar c \propto \sqrt{T},\ \rho\propto n,\ \lambda=1/(\sqrt2\,n\sigma):\ \mu \propto \dfrac{\sqrt{mkT}}{\sigma},\ \text{indipendente da } n. \;\; \text{(3) HS: } \sigma=\text{cost} \Rightarrow \mu\propto\sqrt T,\ \omega=\tfrac12 \text{ (troppo ripido per i gas reali).} \;\; \text{(4) VHS: } \sigma \propto g^{-2\nu} \text{ e } g\propto\sqrt T \Rightarrow \sigma \propto T^{-\nu} \Rightarrow \mu \propto \dfrac{\sqrt T}{T^{-\nu}}=T^{\,\nu+1/2}=T^{\omega},\ \omega=\nu+\tfrac12\approx0.74 \text{ (aria).} \)	PROOF flussi_rarefatti
Dimostra: vincolo di cella DSMC, Delta x <= lambda	\( \text{(1) Modello: collidono solo particelle della stessa cella, trattate come co-locate.} \;\; \text{(2) Le collisioni reali sono locali sulla scala } \lambda. \;\; \text{(3) Se } \Delta x \gg \lambda \text{ particelle distanti } > \lambda \text{ collidono fra loro: privo di senso fisico, collisioni saltate.} \;\; \text{(4) Imporre } \Delta x \le \lambda \text{ garantisce compagni di collisione genuinamente vicini (limite opposto: celle troppo piccole alzano costo e rumore statistico).} \)	PROOF flussi_rarefatti
Dimostra: vincolo di passo DSMC, Delta t <= tau_c	\( \text{(1) Tempo medio tra collisioni } \tau_c=\lambda/\bar c. \;\; \text{(2) Il disaccoppiamento moto/collisioni richiede che in un passo non si accumulino piu collisioni.} \;\; \text{(3) Impongo } \Delta t \le \tau_c \Rightarrow \text{in media } \le \sim 1 \text{ collisione per particella per passo.} \;\; \text{(4) Non azzera le collisioni: l'NTC estrae stocasticamente il numero atteso di coppie per cella, } \#\text{coppie}= \text{tasso}\times N\times\Delta t. \)	PROOF flussi_rarefatti
Dimostra: vincolo tipo CFL del DSMC, Delta t <= Delta x / v_max	\( \text{(1) In un passo una particella percorre } |v|\,\Delta t. \;\; \text{(2) Se attraversa piu di una cella salta l'ambiente collisionale delle celle intermedie.} \;\; \text{(3) Cio viola la localita delle collisioni e falsa il trasporto di q.d.m. ed energia.} \;\; \text{(4) Imporre } \Delta t \le \dfrac{\Delta x}{|v_{max}|} \Rightarrow \text{avanza cella per cella; e coerenza fisica del trasporto, non sola stabilita (diverso dalla CFL del continuo).} \)	PROOF flussi_rarefatti
Dimostra: trasporto di Reynolds in forma ALE	Volume mobile \( V(t) \): \( \frac{d}{dt}\int_{V(t)} u\,dV = \int_{V(t)} \partial_t u\,dV + \int_{S(t)} u\,\vec v_g\cdot\vec n\,dS \). Per la legge di conservazione \( \partial_t u + \nabla\cdot\vec F = 0 \), con \( \int_{V(t)}\nabla\cdot\vec F\,dV = \int_{S(t)}\vec F\cdot\vec n\,dS \): \( \frac{d}{dt}\int_{V(t)} u\,dV + \int_{S(t)}(\vec F - u\,\vec v_g)\cdot\vec n\,dS = 0 \). Con flusso convettivo \( \vec F = u\vec v \): \( \int_{S(t)} u\,(\vec v - \vec v_g)\cdot\vec n\,dS \), cioe velocita relativa \( \vec v_{rel} = \vec v - \vec v_g \).	PROOF meshing
Dimostra: limiti Euleriano e Lagrangiano dell'ALE	Dal termine ALE \( \int_{S(t)} u\,(\vec v - \vec v_g)\cdot\vec n\,dS \). Se \( \vec v_g = 0 \): \( V \) fisso, \( \int_S u\,\vec v\cdot\vec n\,dS \) = caso Euleriano. Se \( \vec v_g = \vec v \): il termine convettivo si annulla, la cella segue il fluido = caso Lagrangiano.	PROOF meshing
Dimostra: mapping algebrico al piano computazionale	Interpolazione lineare sul lato \( [x_1,x_2] \): \( x = x_1 + \eta(x_2 - x_1) \Rightarrow \eta = \frac{x-x_1}{x_2-x_1} \). Verifica estremi: \( x=x_1\Rightarrow\eta=0 \), \( x=x_2\Rightarrow\eta=1 \). Analogamente \( \xi = \frac{y-y_1}{y_2-y_1}\in[0,1] \).	PROOF meshing
Dimostra: ordine di Eulero esplicito (da sviluppo di Taylor)	\( \text{Taylor: } y(t_{k+1})=y(t_k)+h\,y'(t_k)+\tfrac{h^2}{2}y''(\xi). \) Con \( y'(t_k)=f(t_k,y(t_k)) \) si ha \( \tau(h)=y(t_{k+1})-y(t_k)-h f(t_k,y(t_k))=\tfrac{h^2}{2}y''(\xi)=\mathcal O(h^2). \) Quindi \( d(h)=\tau(h)/h=\mathcal O(h) \Rightarrow p=1. \)	PROOF metodi_numerici_ode
Dimostra: regione di assoluta stabilita di Eulero esplicito	Eq. test \( y'=\lambda y \Rightarrow y_{k+1}=y_k+h\lambda y_k=(1+h\lambda)y_k \), dunque \( y_k=(1+h\lambda)^k y_0 \) e \( \mathcal F(h\lambda)=1+h\lambda. \) Assoluta stabilita \( \lim_{k\to\infty}y_k=0 \iff \lvert\mathcal F\rvert<1 \), cioe \( \lvert 1+h\lambda\rvert<1 \): cerchio di centro \(-1\) e raggio \(1\) nel piano \(h\lambda\) (stabilita condizionata).	PROOF metodi_numerici_ode
Dimostra: regione di assoluta stabilita di Eulero implicito	Eq. test \( y'=\lambda y \Rightarrow y_{k+1}=y_k+h\lambda y_{k+1} \Rightarrow y_{k+1}=\dfrac{1}{1-h\lambda}y_k \), quindi \( \mathcal F(h\lambda)=\dfrac{1}{1-h\lambda}. \) Stabile \( \iff \left\lvert\dfrac{1}{1-h\lambda}\right\rvert<1 \iff \lvert 1-h\lambda\rvert>1 \): esterno del cerchio di centro \(+1\), raggio \(1\); contiene tutto il semipiano \( \mathrm{Re}(\lambda)<0 \Rightarrow \) A-stabile.	PROOF metodi_numerici_ode
Dimostra: teorema di Lax (consistenza + 0-stabilita ⇒ convergenza)	Errore globale \( e_{k+1}=\underbrace{(y(t_{k+1})-\tilde y_{k+1})}_{\tau(h)}+\underbrace{(\tilde y_{k+1}-y_{k+1})}_{\text{propagazione}}. \) La 0-stabilita controlla la propagazione: \( \lvert\tilde y_{k+1}-y_{k+1}\rvert\le K\lvert e_k\rvert \). Iterando: \( \lvert e_N\rvert\le K\sum_k\lvert\tau\rvert \sim \dfrac{C}{h}\,\mathcal O(h^{p+1})=\mathcal O(h^p)\to 0 \) per \(h\to0\). Consistenza (\(\tau\to0\)) + 0-stabilita (\(K\) limitato) \( \Rightarrow e_N\to0 \), cioe convergenza.	PROOF metodi_numerici_ode
Dimostra: condizione CFL	Trasporto \( u_t+c u_x=0 \), soluzione \( u(x,t)=u_0(x-ct) \): il dominio di dipendenza fisico in un passo \( \Delta t \) e \( c\,\Delta t \). Uno schema esplicito a stencil \( \{i-1,i,i+1\} \) ha dominio di dipendenza numerico \( \Delta x \). Per convergenza il dominio numerico deve contenere quello fisico: \( c\,\Delta t\le\Delta x \Rightarrow \mathrm{CFL}=\dfrac{c\,\Delta t}{\Delta x}\le1. \)	PROOF metodi_numerici_ode
Dimostra: ordine di Heun	Heun: \( y_{k+1}=y_k+\tfrac h2[f_k+f(t_k+h,y_k+hf_k)] \). Taylor su \( f \): \( f(t_k+h,y_k+hf_k)=f_k+h(f_t+f_y f)+\mathcal O(h^2) \). Sommando: \( y_{k+1}=y_k+h f_k+\tfrac{h^2}{2}(f_t+f_y f)+\mathcal O(h^3) \), che coincide con Taylor di \( y(t_{k+1}) \) fino a \( h^2 \) (poiche \( y''=f_t+f_y f \)). Resta \( \tau=\mathcal O(h^3)\Rightarrow d=\mathcal O(h^2)\Rightarrow p=2. \)	PROOF metodi_numerici_ode
Dimostra: ordine di un metodo Runge-Kutta (matching di Taylor)	Si confrontano gli sviluppi di Taylor di \( y(t_{k+1}) \) e dell'incremento RK \( y_k+h\sum a_i f(\cdot) \) in potenze di \(h\). Imponendo l'uguaglianza dei termini fino a \( h^p \) si ottengono le condizioni d'ordine sui coefficienti del tableau (es. \( \sum a_i=1 \) per \(p\ge1\), \( \sum a_i b_i=\tfrac12 \) per \(p\ge2\)). Il metodo ha ordine \(p\) se \( \tau=\mathcal O(h^{p+1}) \), ossia \( d=\mathcal O(h^p). \)	PROOF metodi_numerici_ode
Dimostra: perche l'upwind e stabile e il centrato no (advezione)	\( \text{(1) Equazione } u_t+a u_x=0,\; a>0,\; \text{dominio di dipendenza solo a monte.} \;\; \text{(2) Upwind usa } u_{i-1}\to \text{stencil dalla direzione del segnale, rispetta la causalita.} \;\; \text{(3) Analisi di von Neumann: upwind ha } |G|\le 1 \text{ se } 0\le\nu\le 1 \text{ (dissipativo).} \;\; \text{(4) Centrato puro: } G=1-i\,\nu\sin(k\Delta x)\Rightarrow |G|^2=1+\nu^2\sin^2>1\;\forall\Delta t\Rightarrow \text{instabile incondizionatamente.} \)	PROOF metodi_numerici
Dimostra: equazione modificata e diffusione numerica dell'upwind (Taylor)	\( \text{(1) Schema } u_i^{n+1}=u_i^n-\nu(u_i^n-u_{i-1}^n),\;\nu=\frac{a\Delta t}{\Delta x}. \;\; \text{(2) Taylor: } u^{n+1}=u+\Delta t\,u_t+\tfrac{\Delta t^2}{2}u_{tt}+\dots,\; u_{i-1}=u-\Delta x\,u_x+\tfrac{\Delta x^2}{2}u_{xx}-\dots \;\; \text{(3) Sostituisci e usa } u_{tt}=a^2 u_{xx} \text{ (dalla PDE) per eliminare la derivata temporale.} \;\; \text{(4) Risulta } u_t+a u_x=\frac{a\Delta x}{2}(1-\nu)u_{xx}+O(\Delta x^2):\; \text{diffusione numerica } D_{num}=\frac{a\Delta x}{2}(1-\nu)\ge 0. \)	PROOF metodi_numerici
Dimostra: anti-diffusione del centrato (equazione modificata)	\( \text{(1) Schema } u_i^{n+1}=u_i^n-\frac{\nu}{2}(u_{i+1}^n-u_{i-1}^n). \;\; \text{(2) Taylor in spazio e tempo attorno a } (i,n). \;\; \text{(3) Usa } u_{tt}=a^2u_{xx} \text{ per ridurre i termini temporali.} \;\; \text{(4) Equazione modificata } u_t+a u_x=-\frac{a^2\Delta t}{2}u_{xx}+O(\Delta x^2):\; D_{num}<0\Rightarrow \text{anti-diffusivo, amplifica le oscillazioni.} \)	PROOF metodi_numerici
Dimostra: condizione CFL dal dominio di dipendenza	\( \text{(1) Soluzione esatta dell'advezione: } u(x,t)=u_0(x-at),\; \text{dipende da } x-a\Delta t. \;\; \text{(2) Lo schema esplicito a 3 punti usa solo } [x_{i-1},x_{i+1}]. \;\; \text{(3) Il dominio di dipendenza fisico deve stare in quello numerico: } |a|\Delta t\le \Delta x. \;\; \text{(4) Quindi } \mathrm{CFL}=\frac{|a|\Delta t}{\Delta x}\le 1,\; \text{altrimenti l'informazione esce dallo stencil e lo schema diverge.} \)	PROOF metodi_numerici
Dimostra: perche upwind=iperbolico e centrato=ellittico	\( \text{(1) Iperbolica: informazione lungo le caratteristiche a velocita finita, dominio di dipendenza solo a monte.} \;\; \text{(2) Lo stencil deve guardare a monte} \Rightarrow \text{upwind asimmetrico rispetta la causalita.} \;\; \text{(3) Ellittica (Laplace/Poisson): nessuna direzione privilegiata, dominio di dipendenza = intero dominio.} \;\; \text{(4) Lo stencil deve essere simmetrico} \Rightarrow \text{centrato } (1,-2,1);\; \text{un upwind introdurrebbe direzionalita artificiale senza senso fisico.} \)	PROOF metodi_numerici
Dimostra: ottimalità della base POD come problema agli autovalori	1) Obiettivo: \(\max_{\phi}\sum_{k=1}^{N_s}\langle u_k,\phi\rangle^2\) con \(\|\phi\|^2=1\). 2) Cerco \(\phi\) come combinazione degli snapshot (metodo di Sirovich): \(\phi=\sum_{j}a_j u_j\). 3) Allora \(\langle u_k,\phi\rangle=\sum_j a_j\langle u_k,u_j\rangle=(Ca)_k\) con \(C_{kj}=\langle u_k,u_j\rangle\). 4) Obiettivo \(=\sum_k (Ca)_k^2=a^\top C^\top C a=a^\top C^2 a\) (C simmetrica), vincolo \(\|\phi\|^2=a^\top C a=1\). 5) Lagrangiana: \(\mathcal{L}=a^\top C^2 a-\lambda(a^\top C a-1)\), \(\partial_a\mathcal{L}=0\Rightarrow C^2 a=\lambda C a\Rightarrow Ca=\lambda a\). 6) Problema agli autovalori \(Ca=\lambda a\): autovettori \(\to\) modi \(\phi_i\), autovalori \(\lambda_i\to\) energia. Il \(\lambda\) massimo massimizza l'obiettivo \(\Rightarrow\) base ottimale.	PROOF modelli_ordine_ridotto
Dimostra: energia = traccia di C = somma degli autovalori	1) Definizione energia: \(E_{tot}=\sum_{k=1}^{N_s}\|u_k\|_\Omega^2=\sum_{k}\langle u_k,u_k\rangle\). 2) Per definizione \(C_{kk}=\langle u_k,u_k\rangle\Rightarrow E_{tot}=\sum_k C_{kk}=\mathrm{tr}(C)\). 3) C è simmetrica semidefinita positiva \(\Rightarrow\) diagonalizzabile, \(C=Q\Lambda Q^\top\) con \(\Lambda=\mathrm{diag}(\lambda_i)\). 4) La traccia è invariante per similitudine: \(\mathrm{tr}(C)=\mathrm{tr}(\Lambda)=\sum_{i=1}^{N_s}\lambda_i\). 5) Quindi \(E_{tot}=\mathrm{tr}(C)=\sum_i\lambda_i\); ciascun \(\lambda_i\ge0\) è l'energia del modo \(i\).	PROOF modelli_ordine_ridotto
Dimostra: RIC come frazione cumulata di energia e criterio di troncamento	1) Energia del modo \(i\) \(=\lambda_i\) (dal problema agli autovalori), energia totale \(=\sum_{i=1}^{N_s}\lambda_i\). 2) Tenendo i primi \(n\) modi (\(\lambda_1\ge\lambda_2\ge\dots\)) l'energia catturata è \(\sum_{i=1}^{n}\lambda_i\). 3) Frazione cumulata: \(RIC(n)=\dfrac{\sum_{i=1}^{n}\lambda_i}{\sum_{i=1}^{N_s}\lambda_i}\in[0,1]\), monotona crescente in \(n\). 4) Errore di troncamento (energia persa) \(=1-RIC(n)=\dfrac{\sum_{i>n}\lambda_i}{\sum_i\lambda_i}\). 5) Criterio: scelgo il minimo \(n\) tale che \(RIC(n)>0.99\) (perdo <1% dell'energia).	PROOF modelli_ordine_ridotto
Dimostra: proiezione di Galerkin → sistema ridotto	1) Ansatz ridotto: \(u\approx u_n=\sum_{i=1}^{n}\tilde u_i\phi_i\), modi ortonormali \(\langle\phi_i,\phi_j\rangle=\delta_{ij}\). 2) Proietto la soluzione (o il residuo) sui modi imponendo \(\langle u-u_n,\phi_j\rangle=0\;\forall j\) (ortogonalità di Galerkin). 3) \(\langle u,\phi_j\rangle=\sum_i\tilde u_i\langle\phi_i,\phi_j\rangle=\sum_i\tilde u_i\delta_{ij}=\tilde u_j\). 4) Quindi i coefficienti sono semplicemente \(\tilde u_j(\bar\mu)=\langle u(\cdot,\bar\mu),\phi_j\rangle\): per ogni snapshot li ricavo proiettando. 5) Online: \(\tilde u_j(\bar\mu)\) si interpola nei parametri e \(u_n=\sum_j\tilde u_j(\bar\mu)\phi_j\) ricostruisce il campo (n gradi di libertà).	PROOF modelli_ordine_ridotto
Dimostra: equazione di trasporto della mixture fraction come scalare conservato	\( \text{1) Parto dalle } N_S-1 \text{ eq. specie: } \partial_t(\rho Y_i)+\nabla\cdot(\rho\mathbf u Y_i)=-\nabla\cdot\mathbf J_i+\dot\omega_i. \) \( \text{2) Definisco } Z \text{ come combinazione lineare di frazioni elementari (atomi) conservate nelle reazioni, p.es. } Z=\sum_i a_i Y_i. \) \( \text{3) Per conservazione degli atomi } \sum_i a_i\,\dot\omega_i=0 \Rightarrow \text{la sorgente chimica si cancella.} \) \( \text{4) Con ipotesi di diffusivita uguali (} D_i=D,\ Le=1\text{): } \sum_i a_i\mathbf J_i=-\rho D\nabla\!\big(\sum_i a_i Y_i\big)=-\rho D\nabla Z. \) \( \text{5) Sommando le eq. pesate con } a_i: \ \partial_t(\rho Z)+\nabla\cdot(\rho\mathbf u Z)=\nabla\cdot(\rho D\nabla Z). \) \( \text{Risultato: } Z \text{ scalare conservato (senza sorgente).} \)	PROOF reacting_flows
Dimostra: la somma delle equazioni di specie restituisce la continuita globale	\( \text{1) Sommo su } i \text{ le } N_S \text{ eq. di trasporto specie: } \sum_i\big[\partial_t(\rho Y_i)+\nabla\cdot(\rho\mathbf u Y_i)\big]=\sum_i(-\nabla\cdot\mathbf J_i+\dot\omega_i). \) \( \text{2) Uso } \sum_i Y_i=1 \Rightarrow \sum_i\rho Y_i=\rho,\ \sum_i\rho\mathbf u Y_i=\rho\mathbf u. \) \( \text{3) Uso } \sum_i\mathbf J_i=0 \text{ (flussi rispetto alla velocita di massa) e } \sum_i\dot\omega_i=0 \text{ (massa conservata).} \) \( \text{4) Resta } \partial_t\rho+\nabla\cdot(\rho\mathbf u)=0. \) \( \text{Risultato: continuita globale, coerente con la conservazione della massa.} \)	PROOF reacting_flows
Dimostra: scaling del numero di Damkohler	\( \text{1) Combustione = mixing poi reazione, processi in serie } \Rightarrow \text{ limita il piu lento.} \) \( \text{2) Tempo chimico } \tau_c\approx\delta_L/S_L; \text{ tempo di mixing turbolento } \tau_t=k/\varepsilon. \) \( \text{3) Definisco } \mathrm{Da}=\tau_t/\tau_c=\dfrac{\text{mescolamento}}{\text{chimico}}. \) \( \text{4) Limite } \mathrm{Da}\gg1\ (\tau_c\ll\tau_t): \text{ chimica veloce, limita il mixing (mixed-is-burnt, EDM).} \) \( \text{5) Limite } \mathrm{Da}\ll1\ (\tau_c\gg\tau_t): \text{ chimica lenta, limita la chimica (well-stirred, NOx).} \) \( \text{Risultato: } \mathrm{Da} \text{ classifica il regime e la radice della stiffness.} \)	PROOF reacting_flows
Dimostra: derivazione del tasso di Arrhenius e della costante inversa	\( \text{1) Azione di massa: la velocita diretta} \propto \text{frequenza urti} \propto \prod_s[X_s]^{\nu^R_{sj}}, \text{ con costante } K_{f,j}. \) \( \text{2) Boltzmann: frazione di urti con } E>E_{a,j} \text{ vale } \exp(-E_{a,j}/RT); \text{ frequenza con correzione } T^{\beta_j} \Rightarrow K_{f,j}=A_jT^{\beta_j}\exp(-E_{a,j}/RT). \) \( \text{3) Reazione reversibile, rate netto } q_j=K_{f,j}\prod_s[X_s]^{\nu^R_{sj}}-K_{b,j}\prod_s[X_s]^{\nu^P_{sj}}. \) \( \text{4) Equilibrio dettagliato: } q_j=0 \Rightarrow \dfrac{K_{f,j}}{K_{b,j}}=\prod_s[X_s]^{\nu^P_{sj}-\nu^R_{sj}}\equiv K_{c,j}(T). \) \( \text{5) Con } K_{c,j}=K_{eq,j}(RT)^{-\Delta n_j} \text{ e } K_{eq,j}=\exp(-\Delta G^\circ_j/RT) \Rightarrow K_{b,j}=K_{f,j}/K_{eq,j}. \) \( \text{Risultato: } K_f \text{ alla Arrhenius e } K_b \text{ coerente con la termodinamica.} \)	PROOF reacting_flows
Dimostra: scaling del Thickened Flame Model (S_L invariato)	\( \text{1) Da teoria di fiamma laminare premiscelata: } S_L\propto\sqrt{D\,\dot\omega},\quad \delta_L\propto\sqrt{D/\dot\omega}. \) \( \text{2) Applico le trasformazioni } D\to F D,\ \dot\omega\to\dot\omega/F. \) \( \text{3) Prodotto invariato: } (FD)(\dot\omega/F)=D\,\dot\omega \Rightarrow S_L\propto\sqrt{D\dot\omega} \text{ non cambia.} \) \( \text{4) Rapporto scalato: } \dfrac{FD}{\dot\omega/F}=F^2\dfrac{D}{\dot\omega} \Rightarrow \delta_L\to F\,\delta_L. \) \( \text{Risultato: il fronte si ispessisce di } F \text{ mantenendo la velocita di propagazione } S_L.\)	PROOF reacting_flows
Dimostra: derivazione dello schema a volumi finiti dalla forma integrale	\( \text{(1) Parti da } \partial_t u + \partial_x f = 0. \;\; \text{(2) Integra su } [x_{j-1/2},x_{j+1/2}]:\; \partial_t\!\int u\,dx = -(f_{j+1/2}-f_{j-1/2}). \;\; \text{(3) Definisci } U_j=\frac{1}{\Delta x}\int u\,dx \Rightarrow \frac{d U_j}{dt} = -\frac{1}{\Delta x}(f_{j+1/2}-f_{j-1/2}). \;\; \text{(4) Eulero esplicito in tempo:}\; U_j^{n+1}=U_j^n-\frac{\Delta t}{\Delta x}(F_{j+1/2}-F_{j-1/2}). \)	PROOF schemi_volumi_finiti
Dimostra: condizione di Rankine-Hugoniot	\( \text{(1) Forma integrale su cella attorno a un'onda con velocita } s. \;\; \text{(2) Bilancio sul volume di controllo che segue la discontinuita:}\; \frac{d}{dt}\!\int u\,dx = f(u_L)-f(u_R). \;\; \text{(3) Il salto si muove a velocita } s,\; \frac{d}{dt}\!\int u\,dx = -s\,(u_R-u_L). \;\; \text{(4) Uguagliando:}\; s\,(u_R-u_L)=f(u_R)-f(u_L),\; \text{cioe}\; s=\frac{\Delta f}{\Delta u}. \)	PROOF schemi_volumi_finiti
Dimostra: costruzione della media di Roe	\( \text{(1) Richiedi consistenza } \bar A(U_R-U_L)=F(U_R)-F(U_L)\text{ con } \bar A \text{ diagonalizzabile a autovalori reali.} \;\; \text{(2) Introduci il parametro } z=\sqrt{\rho}\,(1,u,H)^T. \;\; \text{(3) I salti } \Delta F,\Delta U \text{ diventano bilineari in } z \Rightarrow \bar A=A(\bar U). \;\; \text{(4) Risolvendo, le medie sono pesate su } \sqrt{\rho}:\; \bar u=\frac{\sqrt{\rho_L}u_L+\sqrt{\rho_R}u_R}{\sqrt{\rho_L}+\sqrt{\rho_R}},\; \bar H \text{ analoga.} \)	PROOF schemi_volumi_finiti
Dimostra: flusso di Godunov dal problema di Riemann	\( \text{(1) Ogni interfaccia } j+1/2 \text{ separa } U_j,U_{j+1}\Rightarrow \text{Riemann locale con 3 onde.} \;\; \text{(2) Scomponi il salto } F_B-F_A=(F_C-F_A)+(F_D-F_C)+(F_B-F_D). \;\; \text{(3) Separa per direzione con } \sigma_k:\; \overrightarrow{DF}_j=\sum_k\frac{1+\sigma_k}{2}\Delta F_k,\; \overleftarrow{DF}_j=\sum_k\frac{1-\sigma_k}{2}\Delta F_k. \;\; \text{(4) Flusso upwind:}\; F_{j+1/2}=F_j+\overleftarrow{DF}_j=F_{j+1}-\overrightarrow{DF}_j. \)	PROOF schemi_volumi_finiti
Dimostra: flusso numerico di Lax-Friedrichs come centrato + dissipazione	\( \text{(1) Parti dallo schema centrato instabile } F_{j+1/2}=\tfrac12(F_j+F_{j+1}). \;\; \text{(2) Aggiungi dissipazione scalare } -\frac{\lambda_{max}}{2}(U_{j+1}-U_j). \;\; \text{(3) Il termine equivale a una viscosita numerica } \propto \Delta x\,\partial_{xx}U \Rightarrow \text{stabilizza.} \;\; \text{(4) Risultato:}\; F_{j+1/2}^{LF}=\tfrac12(F_j+F_{j+1})-\frac{\lambda_{max}}{2}(U_{j+1}-U_j). \)	PROOF schemi_volumi_finiti
Dimostra: interpretazione della condizione CFL in Godunov	\( \text{(1) Da } j\pm1/2 \text{ partono onde a velocita } |\lambda_k| \text{ nel piano } x\text{-}t. \;\; \text{(2) In } \Delta t \text{ percorrono } |\lambda_k|\Delta t. \;\; \text{(3) Perche i due ventagli non si sovrappongano dentro la cella: } \lambda_{max}\Delta t \le \Delta x. \;\; \text{(4) Quindi } \mathrm{CFL}=\frac{\lambda_{max}\Delta t}{\Delta x}\le 1. \)	PROOF schemi_volumi_finiti
Dimostra: necessita dell'entropy fix in Roe	\( \text{(1) Roe linearizza con } \bar A \Rightarrow \text{non distingue urti compressivi da espansivi.} \;\; \text{(2) Su un punto sonico } \lambda_k\approx 0 \text{ la dissipazione } |\bar\lambda_k| \to 0. \;\; \text{(3) Possibile urto espansivo non fisico (viola 2 principio).} \;\; \text{(4) Correzione:}\; |\lambda_k|\to\max(|\lambda_k|,\epsilon) \text{ per } |\lambda_k|<\epsilon. \)	PROOF schemi_volumi_finiti
Dimostra: derivazione RANS incompressibili	Parto da NS: \(\partial_i u_i=0\), \(\rho\partial_t u_i+\rho u_j\partial_j u_i=-\partial_i p+\partial_j\tau_{ij}\). Pongo \(u_i=\bar u_i+u_i'\), \(p=\bar p+p'\) e applico la media. Continuita: \(\partial_i\bar u_i=0\) e \(\partial_i u_i'=0\). Espando il convettivo: \(u_j\partial_j u_i=\bar u_j\partial_j\bar u_i+\bar u_j\partial_j u_i'+u_j'\partial_j\bar u_i+u_j'\partial_j u_i'\). Mediando: i due termini misti (una sola fluttuazione) si annullano perche \(\overline{u'}=0\); sopravvivono \(\bar u_j\partial_j\bar u_i\) e \(\overline{u_j'\partial_j u_i'}\). Risultato: \(\rho\partial_t\bar u_i+\rho\bar u_j\partial_j\bar u_i=-\partial_i\bar p+\partial_j(\bar\tau_{ij}-\rho\overline{u_i'u_j'})\).	PROOF turbolenza
Dimostra: media della fluttuazione nulla	Da idempotenza (\(\bar{\bar u}=\bar u\)) e linearita: \(\overline{u'}=\overline{u-\bar u}=\bar u-\bar{\bar u}=\bar u-\bar u=0\).	PROOF turbolenza
Dimostra: idempotenza dell'operatore di media	\(\bar u(\mathbf x)=\lim_{T\to\infty}\frac1T\int_t^{t+T}u\,dt'\) dipende solo da \(\mathbf x\), quindi e costante rispetto a \(t'\). Mediando di nuovo: \(\bar{\bar u}=\lim_{T\to\infty}\frac1T\int_t^{t+T}\bar u\,dt'=\bar u\,\lim_{T\to\infty}\frac1T\,T=\bar u\).	PROOF turbolenza
Dimostra: linearita dell'operatore di media	Discende dalla linearita dell'integrale: \(\overline{au+bv}=\lim_{T\to\infty}\frac1T\int_t^{t+T}(au+bv)\,dt'=a\lim\frac1T\int u\,dt'+b\lim\frac1T\int v\,dt'=a\bar u+b\bar v\). Le costanti escono e l'integrale di una somma e la somma degli integrali.	PROOF turbolenza
Dimostra: regola della media del prodotto	\(\overline{uv}=\overline{(\bar u+u')(\bar v+v')}=\bar u\bar v+\bar u\,\overline{v'}+\overline{u'}\,\bar v+\overline{u'v'}\). I due termini misti contengono una sola fluttuazione (\(\overline{u'}=\overline{v'}=0\)) e spariscono: \(\overline{uv}=\bar u\bar v+\overline{u'v'}\).	PROOF turbolenza
Dimostra: perche il termine fluttuazione x derivata di un medio si annulla	Il termine e \(\overline{u_j'\,\partial_j\bar u_i}\). \(\partial_j\bar u_i\) e una grandezza gia mediata, quindi deterministica/costante rispetto all'operatore di media: esce per linearita. Resta \(\partial_j\bar u_i\cdot\overline{u_j'}=\partial_j\bar u_i\cdot0=0\). Differisce dal termine \(\overline{u_j'\partial_j u_i'}\) (due fluttuazioni), dove nulla esce e il risultato e \(\neq0\).	PROOF turbolenza
Dimostra: k = -tr(R)/(2 rho)	Per definizione \(k=\tfrac12\overline{u_i'u_i'}\), cioe meta della traccia di \(\overline{u_i'u_j'}\): \(\mathrm{tr}(\overline{u_i'u_j'})=\overline{u_1'^2}+\overline{u_2'^2}+\overline{u_3'^2}=2k\). Poiche \(\mathbf R=-\rho\overline{u_i'u_j'}\), si ha \(\mathrm{tr}(\mathbf R)=-\rho\,\overline{u_i'u_i'}=-2\rho k\), da cui \(k=-\tfrac{1}{2\rho}\mathrm{tr}(\mathbf R)\).	PROOF turbolenza
Dimostra: forma conservativa del termine turbolento via continuita	Regola del prodotto: \(\partial_j(u_i'u_j')=u_j'\partial_j u_i'+u_i'\partial_j u_j'\). Per continuita della fluttuazione \(\partial_j u_j'=0\), quindi il secondo termine e nullo: \(\overline{u_j'\partial_j u_i'}=\partial_j\overline{u_i'u_j'}\). Le due fluttuazioni finiscono sotto un'unica derivata, formando il tensore di Reynolds.	PROOF turbolenza
Dimostra: decomposizione isotropa/anisotropa del tensore di Reynolds	Ogni tensore simmetrico: \(T_{ij}=\tfrac13 T_{kk}\delta_{ij}+(T_{ij}-\tfrac13 T_{kk}\delta_{ij})\). Per \(-\rho\overline{u_i'u_j'}\) la traccia e \(-2\rho k\), quindi la parte isotropa e \(-\tfrac23\rho k\,\delta_{ij}\) (assorbita nella pressione \(\bar p^*=\bar p+\tfrac23\rho k\)) e la parte anisotropa (traccia nulla) e quella modellata da Boussinesq con \(2\mu_T S_{ij}\).	PROOF turbolenza
Dimostra: viscosita turbolenta k-epsilon per analisi dimensionale	\(\mu_T\sim\rho\,u_t\,l_t\). Le due scale dalla turbolenza: \([k]=m^2/s^2\Rightarrow u_t\sim k^{1/2}\); \([\varepsilon]=m^2/s^3\). La scala di lunghezza \(l_t\sim k^{3/2}/\varepsilon\). Quindi \(\mu_T\sim\rho\,k^{1/2}\,k^{3/2}/\varepsilon=\rho k^2/\varepsilon\), con costante \(C_\mu\): \(\mu_T=C_\mu\rho k^2/\varepsilon\). Verifica: \([k^2/\varepsilon]=m^2/s=\) viscosita cinematica.	PROOF turbolenza
Dimostra: equivalenza k-omega e k-epsilon per mu_T	Da \(\omega=\varepsilon/k\) segue \(\varepsilon=\omega k\). Sostituendo in \(\mu_T=C_\mu\rho k^2/\varepsilon\): \(\mu_T=C_\mu\rho k^2/(\omega k)=C_\mu\rho k/\omega\). A meno della costante (assorbita) \(\mu_T=\bar\rho k/\omega\).	PROOF turbolenza
Dimostra: identita di Germano e Cs ai minimi quadrati	Identita esatta tra sforzi a due scale: \(L_{ij}=T_{ij}-\widehat\tau_{ij}\), con \(L_{ij}=\widehat{\bar u_i\bar u_j}-\widehat{\bar u}_i\widehat{\bar u}_j\) calcolabile dai campi risolti. Modello entrambi gli sforzi con la stessa \(C_s\): \(\tau^{aniso}_{ij}=-2C_s^2\Delta^2|\bar S|\bar S_{ij}\), \(T^{aniso}_{ij}=-2C_s^2\widehat\Delta^2|\widehat{\bar S}|\widehat{\bar S}_{ij}\). Sostituendo: \(L_{ij}=-2C_s^2 M_{ij}\) con \(M_{ij}=\widehat\Delta^2|\widehat{\bar S}|\widehat{\bar S}_{ij}-\Delta^2\widehat{|\bar S|\bar S_{ij}}\). Sistema sovradeterminato (6 eq., 1 incognita) chiuso ai minimi quadrati (Lilly): \(C_s^2=-\tfrac12\langle L_{ij}M_{ij}\rangle/\langle M_{kl}M_{kl}\rangle\).	PROOF turbolenza
Dimostra: legge logaritmica di parete (argomento di scala)	Nella regione log (\(y^+\gtrsim30\)) la sola scala rilevante e la distanza \(y\): il gradiente di velocita non puo dipendere ne da \(\nu\) ne da scale esterne, quindi per analisi dimensionale \(\dfrac{du}{dy}=\dfrac{u_\tau}{\kappa y}\). Integrando: \(u=\dfrac{u_\tau}{\kappa}\ln y+\text{cost}\). In variabili di parete \(u^+=\tfrac1\kappa\ln y^+ + B\), con \(\kappa\approx0.41\), \(B\approx5.2\).	PROOF turbolenza
Dimostra: sottostrato viscoso lineare u+ = y+	Nel sottostrato (\(y^+\lesssim5\)) lo sforzo totale e quasi tutto viscoso e costante \(\approx\tau_w\): \(\mu\,du/dy\approx\tau_w=\rho u_\tau^2\). Integrando con \(u(0)=0\): \(u=(\tau_w/\mu)y=(\rho u_\tau^2/\mu)y\). Adimensionalizzando con \(u_\tau\) e \(\ell_\tau=\nu/u_\tau\): \(u^+=y^+\).	PROOF turbolenza
Dimostra: costo della DNS proporzionale a Re^3	Separazione di scale \(L/\eta\propto Re^{3/4}\Rightarrow N_{celle}\propto(L/\eta)^3\propto Re^{9/4}\). Passo temporale legato a \(\tau_\eta\propto Re^{-1/2}\Rightarrow N_{timestep}\propto T_{conv}/\tau_\eta\propto Re^{1/2}\). Costo \(=N_{celle}\times N_{timestep}\propto Re^{9/4}\cdot Re^{3/4}=Re^3\).	PROOF turbolenza
Dimostra: media di Favre rende la continuita priva di correlazioni	Definendo \(\tilde u_i=\overline{\rho u_i}/\bar\rho\), si ha \(\overline{\rho u_i}=\bar\rho\tilde u_i\) per costruzione. La continuita mediata \(\partial_t\bar\rho+\partial_i\overline{\rho u_i}=0\) diventa \(\partial_t\bar\rho+\partial_i(\bar\rho\tilde u_i)=0\), formalmente identica all'istantanea, senza il termine extra \(\partial_i\overline{\rho'u_i'}\) che comparirebbe con la media di Reynolds ordinaria.	PROOF turbolenza
Dimostra: condizione di realizzabilita (semidefinita positiva)	\(R_{ij}=\overline{u_i'u_j'}\) e una matrice di covarianza, quindi semidefinita positiva: per ogni versore \(\mathbf n\), \(n_i R_{ij} n_j=\overline{(u_i'n_i)^2}=\overline{(\mathbf u'\!\cdot\mathbf n)^2}\ge0\). Sulla diagonale (\(\mathbf n=\mathbf e_i\)): \(\overline{(u_i')^2}\ge0\). Fuori diagonale, da Cauchy-Schwarz: \((\overline{u_i'u_j'})^2\le\overline{(u_i')^2}\,\overline{(u_j')^2}\), cioe \(|\rho_{ij}|\le1\).	PROOF turbolenza
Dimostra: termine di cross-diffusion del k-omega	Parto dall'equazione di \(\varepsilon\) e impongo \(\omega=\varepsilon/k\), cioe \(\varepsilon=\omega k\). Sostituendo e applicando la regola della catena alle derivate (\(\partial\varepsilon=k\,\partial\omega+\omega\,\partial k\)), nei termini diffusivi compare un contributo proporzionale al prodotto scalare dei gradienti \(\nabla k\cdot\nabla\omega\): il termine di cross-diffusion \(\propto(\sigma_d/\omega)\,\partial_j k\,\partial_j\omega\), assente nell'equazione originale di \(\varepsilon\).	PROOF turbolenza
Dimostra: |S| = rateo di taglio per il fattore 2	In taglio semplice \(\partial u/\partial y=\dot\gamma\), le uniche componenti non nulle di \(\bar S_{ij}\) sono \(\bar S_{12}=\bar S_{21}=\tfrac12\dot\gamma\). Allora \(\bar S_{ij}\bar S_{ij}=(\tfrac12\dot\gamma)^2+(\tfrac12\dot\gamma)^2=\tfrac12\dot\gamma^2\), quindi \(|\bar S|=\sqrt{2\bar S_{ij}\bar S_{ij}}=\sqrt{\dot\gamma^2}=\dot\gamma\): il fattore 2 fa coincidere il modulo col rateo di taglio.	PROOF turbolenza
Dimostra: time-lag / sfasamento corocronico	\( \text{Due canali adiacenti distano un passo } \Delta\theta=\left\lvert\tfrac{2\pi}{Z_1}-\tfrac{2\pi}{Z_2}\right\rvert \text{ rispetto alla schiera opposta.} \) La schiera opposta avanza alla velocita relativa \( \left\lvert\Omega_1-\Omega_2\right\rvert \). Il tempo per coprire quella differenza di passo e \( \delta_t=\dfrac{\Delta\theta}{\left\lvert\Omega_1-\Omega_2\right\rvert}=\dfrac{\left\lvert\tfrac{2\pi}{Z_1}-\tfrac{2\pi}{Z_2}\right\rvert}{\left\lvert\Omega_1-\Omega_2\right\rvert}. \) Da cui \( U(x,r,\theta,t)=U\!\left(x,r,\theta-\tfrac{2\pi}{Z_2},\,t+\delta_t\right) \). Se \( Z_1=Z_2 \Rightarrow \Delta\theta=0 \Rightarrow \delta_t=0 \) (periodicita spaziale).	PROOF turbomacchine
Dimostra: perche passi diversi danno periodicita sfasata	\( \text{Passi uguali: } U(x,r,\theta,t)=U(x,r,\theta-\tfrac{2\pi}{Z},t) \text{ stesso istante.} \) Con \( Z_1\neq Z_2 \) i canali adiacenti hanno ampiezza diversa e non sono nella stessa fase rispetto alla schiera opposta: la scia li investe a istanti diversi. Quindi l'uguaglianza spaziale a istante fissato e falsa; vale solo confrontando il canale a \( t \) col vicino a \( t+\delta_t \): \( U(x,r,\theta,t)=U\!\left(x,r,\theta-\tfrac{2\pi}{Z_2},\,t+\delta_t\right) \). Periodica e la combinazione \( (\theta,t) \), non lo spazio da solo.	PROOF turbomacchine
Dimostra: troncamento di Fourier nel mixing plane	\( U(r,\theta)=\displaystyle\sum_{n=-\infty}^{+\infty}\hat U_n(r)e^{in\theta}. \) Media circonferenziale: \( \bar U(r)=\dfrac{1}{\Delta\theta}\displaystyle\int_{\theta_1}^{\theta_2}U\,d\theta. \) Per ortogonalita \( \dfrac{1}{\Delta\theta}\int e^{in\theta}d\theta=\delta_{n0} \), quindi \( \bar U(r)=\hat U_0(r) \): solo l'armonica \( n=0 \) sopravvive. Le \( \hat U_n,\,n\neq0 \) (scia e non-uniformita) sono azzerate. Azzerarle equivale a un miscelamento istantaneo, irreversibile, che genera entropia spuria: le perdite di mixing numeriche.	PROOF turbomacchine
Dimostra: settore periodico minimo via MCD	\( \text{Serve un settore che contenga numeri interi di canali di entrambe le schiere.} \) Canali interi: \( \tfrac{\text{settore}}{360/Z_1}=\tfrac{Z_1\,\text{settore}}{360}\in\mathbb N \) e idem per \( Z_2 \). Il settore minimo che soddisfa entrambe e \( \text{settore}=\dfrac{360^\circ}{\mathrm{MCD}(Z_1,Z_2)} \), con \( \dfrac{Z_1}{\mathrm{MCD}} \) e \( \dfrac{Z_2}{\mathrm{MCD}} \) canali (interi e coprimi). Se \( \mathrm{MCD}=1 \) il settore e \( 360^\circ \) (full annulus), da cui la pratica di alterare \( Z \) (50,61\(\to\)50,60) per ottenere un MCD favorevole.	PROOF turbomacchine
