Dimostra: derivazione RANS incompressibili	Parto da NS: \(\partial_i u_i=0\), \(\rho\partial_t u_i+\rho u_j\partial_j u_i=-\partial_i p+\partial_j\tau_{ij}\). Pongo \(u_i=\bar u_i+u_i'\), \(p=\bar p+p'\) e applico la media. Continuita: \(\partial_i\bar u_i=0\) e \(\partial_i u_i'=0\). Espando il convettivo: \(u_j\partial_j u_i=\bar u_j\partial_j\bar u_i+\bar u_j\partial_j u_i'+u_j'\partial_j\bar u_i+u_j'\partial_j u_i'\). Mediando: i due termini misti (una sola fluttuazione) si annullano perche \(\overline{u'}=0\); sopravvivono \(\bar u_j\partial_j\bar u_i\) e \(\overline{u_j'\partial_j u_i'}\). Risultato: \(\rho\partial_t\bar u_i+\rho\bar u_j\partial_j\bar u_i=-\partial_i\bar p+\partial_j(\bar\tau_{ij}-\rho\overline{u_i'u_j'})\).	PROOF
Dimostra: media della fluttuazione nulla	Da idempotenza (\(\bar{\bar u}=\bar u\)) e linearita: \(\overline{u'}=\overline{u-\bar u}=\bar u-\bar{\bar u}=\bar u-\bar u=0\).	PROOF
Dimostra: idempotenza dell'operatore di media	\(\bar u(\mathbf x)=\lim_{T\to\infty}\frac1T\int_t^{t+T}u\,dt'\) dipende solo da \(\mathbf x\), quindi e costante rispetto a \(t'\). Mediando di nuovo: \(\bar{\bar u}=\lim_{T\to\infty}\frac1T\int_t^{t+T}\bar u\,dt'=\bar u\,\lim_{T\to\infty}\frac1T\,T=\bar u\).	PROOF
Dimostra: linearita dell'operatore di media	Discende dalla linearita dell'integrale: \(\overline{au+bv}=\lim_{T\to\infty}\frac1T\int_t^{t+T}(au+bv)\,dt'=a\lim\frac1T\int u\,dt'+b\lim\frac1T\int v\,dt'=a\bar u+b\bar v\). Le costanti escono e l'integrale di una somma e la somma degli integrali.	PROOF
Dimostra: regola della media del prodotto	\(\overline{uv}=\overline{(\bar u+u')(\bar v+v')}=\bar u\bar v+\bar u\,\overline{v'}+\overline{u'}\,\bar v+\overline{u'v'}\). I due termini misti contengono una sola fluttuazione (\(\overline{u'}=\overline{v'}=0\)) e spariscono: \(\overline{uv}=\bar u\bar v+\overline{u'v'}\).	PROOF
Dimostra: perche il termine fluttuazione x derivata di un medio si annulla	Il termine e \(\overline{u_j'\,\partial_j\bar u_i}\). \(\partial_j\bar u_i\) e una grandezza gia mediata, quindi deterministica/costante rispetto all'operatore di media: esce per linearita. Resta \(\partial_j\bar u_i\cdot\overline{u_j'}=\partial_j\bar u_i\cdot0=0\). Differisce dal termine \(\overline{u_j'\partial_j u_i'}\) (due fluttuazioni), dove nulla esce e il risultato e \(\neq0\).	PROOF
Dimostra: k = -tr(R)/(2 rho)	Per definizione \(k=\tfrac12\overline{u_i'u_i'}\), cioe meta della traccia di \(\overline{u_i'u_j'}\): \(\mathrm{tr}(\overline{u_i'u_j'})=\overline{u_1'^2}+\overline{u_2'^2}+\overline{u_3'^2}=2k\). Poiche \(\mathbf R=-\rho\overline{u_i'u_j'}\), si ha \(\mathrm{tr}(\mathbf R)=-\rho\,\overline{u_i'u_i'}=-2\rho k\), da cui \(k=-\tfrac{1}{2\rho}\mathrm{tr}(\mathbf R)\).	PROOF
Dimostra: forma conservativa del termine turbolento via continuita	Regola del prodotto: \(\partial_j(u_i'u_j')=u_j'\partial_j u_i'+u_i'\partial_j u_j'\). Per continuita della fluttuazione \(\partial_j u_j'=0\), quindi il secondo termine e nullo: \(\overline{u_j'\partial_j u_i'}=\partial_j\overline{u_i'u_j'}\). Le due fluttuazioni finiscono sotto un'unica derivata, formando il tensore di Reynolds.	PROOF
Dimostra: decomposizione isotropa/anisotropa del tensore di Reynolds	Ogni tensore simmetrico: \(T_{ij}=\tfrac13 T_{kk}\delta_{ij}+(T_{ij}-\tfrac13 T_{kk}\delta_{ij})\). Per \(-\rho\overline{u_i'u_j'}\) la traccia e \(-2\rho k\), quindi la parte isotropa e \(-\tfrac23\rho k\,\delta_{ij}\) (assorbita nella pressione \(\bar p^*=\bar p+\tfrac23\rho k\)) e la parte anisotropa (traccia nulla) e quella modellata da Boussinesq con \(2\mu_T S_{ij}\).	PROOF
Dimostra: viscosita turbolenta k-epsilon per analisi dimensionale	\(\mu_T\sim\rho\,u_t\,l_t\). Le due scale dalla turbolenza: \([k]=m^2/s^2\Rightarrow u_t\sim k^{1/2}\); \([\varepsilon]=m^2/s^3\). La scala di lunghezza \(l_t\sim k^{3/2}/\varepsilon\). Quindi \(\mu_T\sim\rho\,k^{1/2}\,k^{3/2}/\varepsilon=\rho k^2/\varepsilon\), con costante \(C_\mu\): \(\mu_T=C_\mu\rho k^2/\varepsilon\). Verifica: \([k^2/\varepsilon]=m^2/s=\) viscosita cinematica.	PROOF
Dimostra: equivalenza k-omega e k-epsilon per mu_T	Da \(\omega=\varepsilon/k\) segue \(\varepsilon=\omega k\). Sostituendo in \(\mu_T=C_\mu\rho k^2/\varepsilon\): \(\mu_T=C_\mu\rho k^2/(\omega k)=C_\mu\rho k/\omega\). A meno della costante (assorbita) \(\mu_T=\bar\rho k/\omega\).	PROOF
Dimostra: identita di Germano e Cs ai minimi quadrati	Identita esatta tra sforzi a due scale: \(L_{ij}=T_{ij}-\widehat\tau_{ij}\), con \(L_{ij}=\widehat{\bar u_i\bar u_j}-\widehat{\bar u}_i\widehat{\bar u}_j\) calcolabile dai campi risolti. Modello entrambi gli sforzi con la stessa \(C_s\): \(\tau^{aniso}_{ij}=-2C_s^2\Delta^2|\bar S|\bar S_{ij}\), \(T^{aniso}_{ij}=-2C_s^2\widehat\Delta^2|\widehat{\bar S}|\widehat{\bar S}_{ij}\). Sostituendo: \(L_{ij}=-2C_s^2 M_{ij}\) con \(M_{ij}=\widehat\Delta^2|\widehat{\bar S}|\widehat{\bar S}_{ij}-\Delta^2\widehat{|\bar S|\bar S_{ij}}\). Sistema sovradeterminato (6 eq., 1 incognita) chiuso ai minimi quadrati (Lilly): \(C_s^2=-\tfrac12\langle L_{ij}M_{ij}\rangle/\langle M_{kl}M_{kl}\rangle\).	PROOF
Dimostra: legge logaritmica di parete (argomento di scala)	Nella regione log (\(y^+\gtrsim30\)) la sola scala rilevante e la distanza \(y\): il gradiente di velocita non puo dipendere ne da \(\nu\) ne da scale esterne, quindi per analisi dimensionale \(\dfrac{du}{dy}=\dfrac{u_\tau}{\kappa y}\). Integrando: \(u=\dfrac{u_\tau}{\kappa}\ln y+\text{cost}\). In variabili di parete \(u^+=\tfrac1\kappa\ln y^+ + B\), con \(\kappa\approx0.41\), \(B\approx5.2\).	PROOF
Dimostra: sottostrato viscoso lineare u+ = y+	Nel sottostrato (\(y^+\lesssim5\)) lo sforzo totale e quasi tutto viscoso e costante \(\approx\tau_w\): \(\mu\,du/dy\approx\tau_w=\rho u_\tau^2\). Integrando con \(u(0)=0\): \(u=(\tau_w/\mu)y=(\rho u_\tau^2/\mu)y\). Adimensionalizzando con \(u_\tau\) e \(\ell_\tau=\nu/u_\tau\): \(u^+=y^+\).	PROOF
Dimostra: costo della DNS proporzionale a Re^3	Separazione di scale \(L/\eta\propto Re^{3/4}\Rightarrow N_{celle}\propto(L/\eta)^3\propto Re^{9/4}\). Passo temporale legato a \(\tau_\eta\propto Re^{-1/2}\Rightarrow N_{timestep}\propto T_{conv}/\tau_\eta\propto Re^{1/2}\). Costo \(=N_{celle}\times N_{timestep}\propto Re^{9/4}\cdot Re^{3/4}=Re^3\).	PROOF
Dimostra: media di Favre rende la continuita priva di correlazioni	Definendo \(\tilde u_i=\overline{\rho u_i}/\bar\rho\), si ha \(\overline{\rho u_i}=\bar\rho\tilde u_i\) per costruzione. La continuita mediata \(\partial_t\bar\rho+\partial_i\overline{\rho u_i}=0\) diventa \(\partial_t\bar\rho+\partial_i(\bar\rho\tilde u_i)=0\), formalmente identica all'istantanea, senza il termine extra \(\partial_i\overline{\rho'u_i'}\) che comparirebbe con la media di Reynolds ordinaria.	PROOF
Dimostra: condizione di realizzabilita (semidefinita positiva)	\(R_{ij}=\overline{u_i'u_j'}\) e una matrice di covarianza, quindi semidefinita positiva: per ogni versore \(\mathbf n\), \(n_i R_{ij} n_j=\overline{(u_i'n_i)^2}=\overline{(\mathbf u'\!\cdot\mathbf n)^2}\ge0\). Sulla diagonale (\(\mathbf n=\mathbf e_i\)): \(\overline{(u_i')^2}\ge0\). Fuori diagonale, da Cauchy-Schwarz: \((\overline{u_i'u_j'})^2\le\overline{(u_i')^2}\,\overline{(u_j')^2}\), cioe \(|\rho_{ij}|\le1\).	PROOF
Dimostra: termine di cross-diffusion del k-omega	Parto dall'equazione di \(\varepsilon\) e impongo \(\omega=\varepsilon/k\), cioe \(\varepsilon=\omega k\). Sostituendo e applicando la regola della catena alle derivate (\(\partial\varepsilon=k\,\partial\omega+\omega\,\partial k\)), nei termini diffusivi compare un contributo proporzionale al prodotto scalare dei gradienti \(\nabla k\cdot\nabla\omega\): il termine di cross-diffusion \(\propto(\sigma_d/\omega)\,\partial_j k\,\partial_j\omega\), assente nell'equazione originale di \(\varepsilon\).	PROOF
Dimostra: |S| = rateo di taglio per il fattore 2	In taglio semplice \(\partial u/\partial y=\dot\gamma\), le uniche componenti non nulle di \(\bar S_{ij}\) sono \(\bar S_{12}=\bar S_{21}=\tfrac12\dot\gamma\). Allora \(\bar S_{ij}\bar S_{ij}=(\tfrac12\dot\gamma)^2+(\tfrac12\dot\gamma)^2=\tfrac12\dot\gamma^2\), quindi \(|\bar S|=\sqrt{2\bar S_{ij}\bar S_{ij}}=\sqrt{\dot\gamma^2}=\dot\gamma\): il fattore 2 fa coincidere il modulo col rateo di taglio.	PROOF
